ID;ROW_NUMBER;SALES_ORGANIZATION;SIM_ROUND;SIM_STEP;SIM_DATE;SIM_CALENDAR_DATE;SIM_PERIOD;SIM_ELAPSED_STEPS;SALES_ORDER_NUMBER;LINE_ITEM;STORAGE_LOCATION;REGION;AREA;CITY;COUNTRY;POSTAL_CODE;CUSTOMER_NUMBER;DISTRIBUTION_CHANNEL;MATERIAL_NUMBER;MATERIAL_DESCRIPTION;MATERIAL_TYPE;MATERIAL_CODE;MATERIAL_SIZE;MATERIAL_LABEL;QUANTITY;QUANTITY_DELIVERED;UNIT;NET_PRICE;NET_VALUE;COST;CURRENCY;CONTRIBUTION_MARGIN;CONTRIBUTION_MARGIN_PCT
.1~109;109;C9;1;5;01-mai;05/01/2021 00:00;1;5;47;1;03W;Nrth Rhine Westfalia;West;DÜSSELDORF;Germany;40234;80303;16;CC-T01;Milk;Trading Goods;T01;;Milk;62;62;ST;30,3;1878,6;1434,06;EUR;444,54;0,24
.1~86;86;B9;1;8;01-août;08/01/2021 00:00;2;8;81;1;03W;Nrth Rhine Westfalia;West;DÜSSELDORF;Germany;40234;80303;16;BB-T02;Cream;Trading Goods;T02;;Cream;19;19;ST;85,36;1621,84;1380,16;EUR;241,68;0,15
.1~67;67;B9;1;5;01-mai;05/01/2021 00:00;1;5;46;1;03W;Nrth Rhine Westfalia;West;DÜSSELDORF;Germany;40234;80303;16;BB-T03;Yoghurt;Trading Goods;T03;;Yoghurt;61;61;ST;30,42;1855,62;1589,05;EUR;266,57;0,14
.1~15;15;A9;1;3;01-mars;03/01/2021 00:00;1;3;16;1;03W;Nrth Rhine Westfalia;West;ESSEN;Germany;45128;80304;16;AA-T06;Ice Cream;Trading Goods;T06;;Ice Cream;34;34;ST;52,22;1775,48;1478,66;EUR;296,82;0,17
.1~206;206;E9;1;8;01-août;08/01/2021 00:00;2;8;83;1;03W;Nrth Rhine Westfalia;West;ESSEN;Germany;45128;80304;16;EE-T01;Milk;Trading Goods;T01;;Milk;49;49;ST;31,56;1546,44;1133,37;EUR;413,07;0,27
.1~192;192;D9;1;8;01-août;08/01/2021 00:00;2;8;79;1;03W;Nrth Rhine Westfalia;West;ESSEN;Germany;45128;80304;16;DD-T01;Milk;Trading Goods;T01;;Milk;53;53;ST;29,04;1539,12;1225,89;EUR;313,23;0,2
.1~133;133;C9;1;8;01-août;08/01/2021 00:00;2;8;88;1;03W;Nrth Rhine Westfalia;West;ESSEN;Germany;45128;80304;16;CC-T03;Yoghurt;Trading Goods;T03;;Yoghurt;53;53;ST;29;1537;1380,65;EUR;156,35;0,1
.1~102;102;C9;1;4;01-avr;04/01/2021 00:00;1;4;29;1;03W;Nrth Rhine Westfalia;West;ESSEN;Germany;45128;80304;16;CC-T01;Milk;Trading Goods;T01;;Milk;53;53;ST;30,3;1605,9;1225,89;EUR;380,01;0,24
.1~100;100;C9;1;3;01-mars;03/01/2021 00:00;1;3;15;1;03W;Nrth Rhine Westfalia;West;ESSEN;Germany;45128;80304;16;CC-T01;Milk;Trading Goods;T01;;Milk;55;55;ST;30,3;1666,5;1272,15;EUR;394,35;0,24
.1~85;85;B9;1;8;01-août;08/01/2021 00:00;2;8;89;1;03W;Nrth Rhine Westfalia;West;ESSEN;Germany;45128;80304;16;BB-T01;Milk;Trading Goods;T01;;Milk;53;53;ST;27,02;1432,06;1225,89;EUR;206,17;0,14
.1~73;73;B9;1;6;01-juin;06/01/2021 00:00;2;6;62;1;03W;Nrth Rhine Westfalia;West;ESSEN;Germany;45128;80304;16;BB-T04;Cheese;Trading Goods;T04;;Cheese;21;21;ST;97,32;2043,72;1749,93;EUR;293,79;0,14
.1~54;54;B9;1;3;01-mars;03/01/2021 00:00;1;3;14;1;03W;Nrth Rhine Westfalia;West;ESSEN;Germany;45128;80304;16;BB-T01;Milk;Trading Goods;T01;;Milk;75;75;ST;27,02;2026,5;1734,75;EUR;291,75;0,14
.1~68;68;B9;1;5;01-mai;05/01/2021 00:00;1;5;36;1;03W;Nrth Rhine Westfalia;West;KÖLN;Germany;50668;80302;16;BB-T04;Cheese;Trading Goods;T04;;Cheese;16;16;ST;97,32;1557,12;1333,28;EUR;223,84;0,14
.1~203;203;E9;1;7;01-juil;07/01/2021 00:00;2;7;72;1;03W;Nrth Rhine Westfalia;West;KÖLN;Germany;50668;80302;16;EE-T01;Milk;Trading Goods;T01;;Milk;4;4;ST;31,56;126,24;92,52;EUR;33,72;0,27
.1~195;195;D9;1;10;01-oct;10/01/2021 00:00;2;10;105;1;03W;Nrth Rhine Westfalia;West;KÖLN;Germany;50668;80302;16;DD-T01;Milk;Trading Goods;T01;;Milk;54;54;ST;30,49;1646,46;1249,02;EUR;397,44;0,24
.1~162;162;C9;1;10;01-oct;10/01/2021 00:00;2;10;112;1;03W;Nrth Rhine Westfalia;West;KÖLN;Germany;50668;80302;16;CC-T06;Ice Cream;Trading Goods;T06;;Ice Cream;32;32;ST;56,96;1822,72;1391,68;EUR;431,04;0,24
.1~120;120;C9;1;7;01-juil;07/01/2021 00:00;2;7;77;1;03W;Nrth Rhine Westfalia;West;KÖLN;Germany;50668;80302;16;CC-T01;Milk;Trading Goods;T01;;Milk;68;68;ST;30,3;2060,4;1572,84;EUR;487,56;0,24
.1~97;97;B9;1;10;01-oct;10/01/2021 00:00;2;10;106;1;03W;Nrth Rhine Westfalia;West;KÖLN;Germany;50668;80302;16;BB-T01;Milk;Trading Goods;T01;;Milk;60;60;ST;27,02;1621,2;1387,8;EUR;233,4;0,14
.1~80;80;B9;1;7;01-juil;07/01/2021 00:00;2;7;71;1;03W;Nrth Rhine Westfalia;West;KÖLN;Germany;50668;80302;16;BB-T04;Cheese;Trading Goods;T04;;Cheese;17;17;ST;97,32;1654,44;1416,61;EUR;237,83;0,14
.1~6;6;A9;1;2;01-févr;02/01/2021 00:00;1;2;1;1;03W;Nrth Rhine Westfalia;West;DÜSSELDORF;Germany;40234;80303;16;AA-T05;Butter;Trading Goods;T05;;Butter;24;24;ST;72,46;1739,04;1448,4;EUR;290,64;0,17
.1~198;198;E9;1;5;01-mai;05/01/2021 00:00;1;5;44;1;03W;Nrth Rhine Westfalia;West;DÜSSELDORF;Germany;40234;80303;16;EE-T01;Milk;Trading Goods;T01;;Milk;30;30;ST;31,56;946,8;693,9;EUR;252,9;0,27
.1~188;188;D9;1;5;01-mai;05/01/2021 00:00;1;5;48;1;03W;Nrth Rhine Westfalia;West;DÜSSELDORF;Germany;40234;80303;16;DD-T01;Milk;Trading Goods;T01;;Milk;55;55;ST;29,04;1597,2;1272,15;EUR;325,05;0,2
.1~155;155;C9;1;9;01-sept;09/01/2021 00:00;2;9;102;1;03W;Nrth Rhine Westfalia;West;DÜSSELDORF;Germany;40234;80303;16;CC-T01;Milk;Trading Goods;T01;;Milk;75;75;ST;30,3;2272,5;1734,75;EUR;537,75;0,24
.1~135;135;C9;1;8;01-août;08/01/2021 00:00;2;8;82;1;03W;Nrth Rhine Westfalia;West;DÜSSELDORF;Germany;40234;80303;16;CC-T04;Cheese;Trading Goods;T04;;Cheese;23;23;ST;92,77;2133,71;1916,59;EUR;217,12;0,1
.1~7;7;A9;1;3;01-mars;03/01/2021 00:00;1;3;26;1;03N;Berlin;North;BERLIN;Germany;13129;80294;16;AA-T03;Yoghurt;Trading Goods;T03;;Yoghurt;57;57;ST;31,27;1782,39;1484,85;EUR;297,54;0,17
.1~18;18;A9;1;4;01-avr;04/01/2021 00:00;1;4;35;1;03N;Berlin;North;BERLIN;Germany;13129;80294;16;AA-T06;Ice Cream;Trading Goods;T06;;Ice Cream;43;43;ST;52,22;2245,46;1870,07;EUR;375,39;0,17
.1~43;43;B9;1;2;01-févr;02/01/2021 00:00;1;2;12;1;03N;Berlin;North;BERLIN;Germany;13129;80294;16;BB-T06;Ice Cream;Trading Goods;T06;;Ice Cream;43;43;ST;50,79;2183,97;1870,07;EUR;313,9;0,14
.1~48;48;B9;1;3;01-mars;03/01/2021 00:00;1;3;25;1;03N;Berlin;North;BERLIN;Germany;13129;80294;16;BB-T02;Cream;Trading Goods;T02;;Cream;22;22;ST;85,36;1877,92;1598,08;EUR;279,84;0,15
.1~55;55;B9;1;4;01-avr;04/01/2021 00:00;1;4;34;1;03N;Berlin;North;BERLIN;Germany;13129;80294;16;BB-T05;Butter;Trading Goods;T05;;Butter;28;28;ST;70,48;1973,44;1689,8;EUR;283,64;0,14
.1~165;165;D9;1;2;01-févr;02/01/2021 00:00;1;2;7;1;03N;Berlin;North;BERLIN;Germany;13129;80294;16;DD-T05;Butter;Trading Goods;T05;;Butter;22;22;ST;75,75;1666,5;1327,7;EUR;338,8;0,2
.1~177;177;D9;1;4;01-avr;04/01/2021 00:00;1;4;33;1;03N;Berlin;North;BERLIN;Germany;13129;80294;16;DD-T03;Yoghurt;Trading Goods;T03;;Yoghurt;48;48;ST;32,69;1569,12;1250,4;EUR;318,72;0,2
.1~4;4;A9;1;2;01-févr;02/01/2021 00:00;1;2;8;1;03N;Berlin;North;BERLIN;Germany;13129;80294;16;AA-T06;Ice Cream;Trading Goods;T06;;Ice Cream;41;41;ST;52,22;2141,02;1783,09;EUR;357,93;0,17
.1~117;117;C9;1;7;01-juil;07/01/2021 00:00;2;7;75;1;03N;Bremen;North;BREMEN;Germany;28197;80296;16;CC-T05;Butter;Trading Goods;T05;;Butter;24;24;ST;71,14;1707,36;1448,4;EUR;258,96;0,15
.1~93;93;B9;1;10;01-oct;10/01/2021 00:00;2;10;111;1;03N;Bremen;North;BREMEN;Germany;28197;80296;16;BB-T05;Butter;Trading Goods;T05;;Butter;34;34;ST;70,48;2396,32;2051,9;EUR;344,42;0,14
.1~31;31;A9;1;9;01-sept;09/01/2021 00:00;2;9;98;1;03N;Bremen;North;BREMEN;Germany;28197;80296;16;AA-T05;Butter;Trading Goods;T05;;Butter;32;32;ST;77,12;2467,84;1931,2;EUR;536,64;0,22
.1~28;28;A9;1;7;01-juil;07/01/2021 00:00;2;7;70;1;03N;Bremen;North;BREMEN;Germany;28197;80296;16;AA-T01;Milk;Trading Goods;T01;;Milk;47;47;ST;32,09;1508,23;1087,11;EUR;421,12;0,28
.1~16;16;A9;1;4;01-avr;04/01/2021 00:00;1;4;32;1;03N;Bremen;North;BREMEN;Germany;28197;80296;16;AA-T01;Milk;Trading Goods;T01;;Milk;29;29;ST;27,78;805,62;670,77;EUR;134,85;0,17
.1~207;207;E9;1;9;01-sept;09/01/2021 00:00;2;9;94;1;03N;Bremen;North;BREMEN;Germany;28197;80296;16;EE-T01;Milk;Trading Goods;T01;;Milk;65;65;ST;31,56;2051,4;1503,45;EUR;547,95;0,27
.1~193;193;D9;1;9;01-sept;09/01/2021 00:00;2;9;96;1;03N;Bremen;North;BREMEN;Germany;28197;80296;16;DD-T03;Yoghurt;Trading Goods;T03;;Yoghurt;5;5;ST;30,89;154,45;130,25;EUR;24,2;0,16
.1~175;175;D9;1;4;01-avr;04/01/2021 00:00;1;4;28;1;03N;Bremen;North;BREMEN;Germany;28197;80296;16;DD-T01;Milk;Trading Goods;T01;;Milk;84;84;ST;29,04;2439,36;1942,92;EUR;496,44;0,2
.1~144;144;C9;1;9;01-sept;09/01/2021 00:00;2;9;99;1;03N;Bremen;North;BREMEN;Germany;28197;80296;16;CC-T03;Yoghurt;Trading Goods;T03;;Yoghurt;60;60;ST;29;1740;1563;EUR;177;0,1
.1~114;114;C9;1;7;01-juil;07/01/2021 00:00;2;7;68;1;03N;Hamburg;North;HAMBURG;Germany;22769;80295;16;CC-T01;Milk;Trading Goods;T01;;Milk;62;62;ST;30,3;1878,6;1434,06;EUR;444,54;0,24
.1~106;106;C9;1;5;01-mai;05/01/2021 00:00;1;5;52;1;03N;Hamburg;North;HAMBURG;Germany;22769;80295;16;CC-T06;Ice Cream;Trading Goods;T06;;Ice Cream;35;35;ST;56,96;1993,6;1522,15;EUR;471,45;0,24
.1~75;75;B9;1;7;01-juil;07/01/2021 00:00;2;7;64;1;03N;Hamburg;North;HAMBURG;Germany;22769;80295;16;BB-T03;Yoghurt;Trading Goods;T03;;Yoghurt;56;56;ST;30,42;1703,52;1458,8;EUR;244,72;0,14
.1~59;59;B9;1;5;01-mai;05/01/2021 00:00;1;5;51;1;03N;Hamburg;North;HAMBURG;Germany;22769;80295;16;BB-T01;Milk;Trading Goods;T01;;Milk;74;74;ST;27,02;1999,48;1711,62;EUR;287,86;0,14
.1~33;33;A9;1;10;01-oct;10/01/2021 00:00;2;10;110;1;03N;Hamburg;North;HAMBURG;Germany;22769;80295;16;AA-T01;Milk;Trading Goods;T01;;Milk;78;78;ST;29,58;2307,24;1804,14;EUR;503,1;0,22
.1~29;29;A9;1;7;01-juil;07/01/2021 00:00;2;7;66;1;03N;Hamburg;North;HAMBURG;Germany;22769;80295;16;AA-T06;Ice Cream;Trading Goods;T06;;Ice Cream;7;7;ST;60,31;422,17;304,43;EUR;117,74;0,28
.1~20;20;A9;1;5;01-mai;05/01/2021 00:00;1;5;50;1;03N;Hamburg;North;HAMBURG;Germany;22769;80295;16;AA-T01;Milk;Trading Goods;T01;;Milk;66;66;ST;30,56;2016,96;1526,58;EUR;490,38;0,24
.1~196;196;E9;1;5;01-mai;05/01/2021 00:00;1;5;49;1;03N;Hamburg;North;HAMBURG;Germany;22769;80295;16;EE-T01;Milk;Trading Goods;T01;;Milk;64;64;ST;31,56;2019,84;1480,32;EUR;539,52;0,27
.1~190;190;D9;1;7;01-juil;07/01/2021 00:00;2;7;65;1;03N;Hamburg;North;HAMBURG;Germany;22769;80295;16;DD-T01;Milk;Trading Goods;T01;;Milk;16;16;ST;29,04;464,64;370,08;EUR;94,56;0,2
.1~183;183;D9;1;5;01-mai;05/01/2021 00:00;1;5;53;1;03N;Hamburg;North;HAMBURG;Germany;22769;80295;16;DD-T06;Ice Cream;Trading Goods;T06;;Ice Cream;23;23;ST;54,59;1255,57;1000,27;EUR;255,3;0,2
.1~157;157;C9;1;10;01-oct;10/01/2021 00:00;2;10;107;1;03N;Hamburg;North;HAMBURG;Germany;22769;80295;16;CC-T03;Yoghurt;Trading Goods;T03;;Yoghurt;54;54;ST;29;1566;1406,7;EUR;159,3;0,1
.1~123;123;C9;1;8;01-août;08/01/2021 00:00;2;8;92;1;03N;Hamburg;North;HAMBURG;Germany;22769;80295;16;CC-T05;Butter;Trading Goods;T05;;Butter;39;39;ST;60,47;2358,33;2353,65;EUR;4,68;0
.1~23;23;A9;1;5;01-mai;05/01/2021 00:00;1;5;40;1;03S;Hessen;South;FRANKFURT/MAIN;Germany;60314;80301;16;AA-T03;Yoghurt;Trading Goods;T03;;Yoghurt;51;51;ST;34,4;1754,4;1328,55;EUR;425,85;0,24
.1~209;209;E9;1;10;01-oct;10/01/2021 00:00;2;10;108;1;03S;Hessen;South;FRANKFURT/MAIN;Germany;60314;80301;16;EE-T02;Cream;Trading Goods;T02;;Cream;22;22;ST;99,73;2194,06;1598,08;EUR;595,98;0,27
.1~205;205;E9;1;8;01-août;08/01/2021 00:00;2;8;78;1;03S;Hessen;South;FRANKFURT/MAIN;Germany;60314;80301;16;EE-T03;Yoghurt;Trading Goods;T03;;Yoghurt;52;52;ST;35,54;1848,08;1354,6;EUR;493,48;0,27
.1~32;32;A9;1;9;01-sept;09/01/2021 00:00;2;9;93;1;03S;Hessen;South;FRANKFURT/MAIN;Germany;60314;80301;16;AA-T03;Yoghurt;Trading Goods;T03;;Yoghurt;39;39;ST;33,28;1297,92;1015,95;EUR;281,97;0,22
.1~36;36;A9;1;10;01-oct;10/01/2021 00:00;2;10;113;1;03S;Hessen;South;FRANKFURT/MAIN;Germany;60314;80301;16;AA-T03;Yoghurt;Trading Goods;T03;;Yoghurt;52;52;ST;33,28;1730,56;1354,6;EUR;375,96;0,22
.1~64;64;B9;1;5;01-mai;05/01/2021 00:00;1;5;42;1;03S;Hessen;South;FRANKFURT/MAIN;Germany;60314;80301;16;BB-T03;Yoghurt;Trading Goods;T03;;Yoghurt;28;28;ST;30,42;851,76;729,4;EUR;122,36;0,14
.1~94;94;B9;1;10;01-oct;10/01/2021 00:00;2;10;114;1;03S;Hessen;South;FRANKFURT/MAIN;Germany;60314;80301;16;BB-T01;Milk;Trading Goods;T01;;Milk;65;65;ST;27,02;1756,3;1503,45;EUR;252,85;0,14
.1~107;107;C9;1;5;01-mai;05/01/2021 00:00;1;5;37;1;03S;Hessen;South;FRANKFURT/MAIN;Germany;60314;80301;16;CC-T03;Yoghurt;Trading Goods;T03;;Yoghurt;49;49;ST;34,12;1671,88;1276,45;EUR;395,43;0,24
.1~127;127;C9;1;8;01-août;08/01/2021 00:00;2;8;85;1;03S;Hessen;South;FRANKFURT/MAIN;Germany;60314;80301;16;CC-T04;Cheese;Trading Goods;T04;;Cheese;25;25;ST;92,77;2319,25;2083,25;EUR;236;0,1
.1~147;147;C9;1;9;01-sept;09/01/2021 00:00;2;9;97;1;03S;Hessen;South;FRANKFURT/MAIN;Germany;60314;80301;16;CC-T02;Cream;Trading Goods;T02;;Cream;32;32;ST;73,24;2343,68;2324,48;EUR;19,2;0,01
.1~159;159;C9;1;10;01-oct;10/01/2021 00:00;2;10;115;1;03S;Hessen;South;FRANKFURT/MAIN;Germany;60314;80301;16;CC-T02;Cream;Trading Goods;T02;;Cream;13;13;ST;73,24;952,12;944,32;EUR;7,8;0,01
.1~184;184;D9;1;5;01-mai;05/01/2021 00:00;1;5;38;1;03S;Hessen;South;FRANKFURT/MAIN;Germany;60314;80301;16;DD-T01;Milk;Trading Goods;T01;;Milk;80;80;ST;29,04;2323,2;1850,4;EUR;472,8;0,2
.1~194;194;D9;1;10;01-oct;10/01/2021 00:00;2;10;109;1;03S;Hessen;South;FRANKFURT/MAIN;Germany;60314;80301;16;DD-T02;Cream;Trading Goods;T02;;Cream;18;18;ST;82,57;1486,26;1307,52;EUR;178,74;0,12
.1~197;197;E9;1;5;01-mai;05/01/2021 00:00;1;5;39;1;03S;Hessen;South;FRANKFURT/MAIN;Germany;60314;80301;16;EE-T03;Yoghurt;Trading Goods;T03;;Yoghurt;11;11;ST;35,54;390,94;286,55;EUR;104,39;0,27
.1~83;83;B9;1;8;01-août;08/01/2021 00:00;2;8;86;1;03S;Hessen;South;FRANKFURT/MAIN;Germany;60314;80301;16;BB-T05;Butter;Trading Goods;T05;;Butter;25;25;ST;70,48;1762;1508,75;EUR;253,25;0,14
.1~88;88;B9;1;9;01-sept;09/01/2021 00:00;2;9;95;1;03S;Hessen;South;FRANKFURT/MAIN;Germany;60314;80301;16;BB-T02;Cream;Trading Goods;T02;;Cream;27;27;ST;85,36;2304,72;1961,28;EUR;343,44;0,15
.1~19;19;A9;1;4;01-avr;04/01/2021 00:00;1;4;27;1;03S;Baden-Wurttemberg;South;STUTTGART;Germany;70178;80298;16;AA-T03;Yoghurt;Trading Goods;T03;;Yoghurt;15;15;ST;31,27;469,05;390,75;EUR;78,3;0,17
.1~204;204;E9;1;8;01-août;08/01/2021 00:00;2;8;87;1;03S;Baden-Wurttemberg;South;STUTTGART;Germany;70178;80298;16;EE-T03;Yoghurt;Trading Goods;T03;;Yoghurt;6;6;ST;35,54;213,24;156,3;EUR;56,94;0,27
.1~201;201;E9;1;6;01-juin;06/01/2021 00:00;2;6;56;1;03S;Baden-Wurttemberg;South;STUTTGART;Germany;70178;80298;16;EE-T05;Butter;Trading Goods;T05;;Butter;19;19;ST;82,34;1564,46;1146,65;EUR;417,81;0,27
.1~191;191;D9;1;7;01-juil;07/01/2021 00:00;2;7;69;1;03S;Baden-Wurttemberg;South;STUTTGART;Germany;70178;80298;16;DD-T03;Yoghurt;Trading Goods;T03;;Yoghurt;5;5;ST;29,42;147,1;130,25;EUR;16,85;0,11
.1~129;129;C9;1;8;01-août;08/01/2021 00:00;2;8;90;1;03S;Baden-Wurttemberg;South;STUTTGART;Germany;70178;80298;16;CC-T05;Butter;Trading Goods;T05;;Butter;35;35;ST;60,47;2116,45;2112,25;EUR;4,2;0
.1~119;119;C9;1;7;01-juil;07/01/2021 00:00;2;7;73;1;03S;Baden-Wurttemberg;South;STUTTGART;Germany;70178;80298;16;CC-T05;Butter;Trading Goods;T05;;Butter;24;24;ST;71,14;1707,36;1448,4;EUR;258,96;0,15
.1~113;113;C9;1;6;01-juin;06/01/2021 00:00;2;6;54;1;03S;Baden-Wurttemberg;South;STUTTGART;Germany;70178;80298;16;CC-T03;Yoghurt;Trading Goods;T03;;Yoghurt;6;6;ST;34,12;204,72;156,3;EUR;48,42;0,24
.1~101;101;C9;1;4;01-avr;04/01/2021 00:00;1;4;31;1;03S;Baden-Wurttemberg;South;STUTTGART;Germany;70178;80298;16;CC-T03;Yoghurt;Trading Goods;T03;;Yoghurt;71;71;ST;34,12;2422,52;1849,55;EUR;572,97;0,24
.1~27;27;A9;1;6;01-juin;06/01/2021 00:00;2;6;57;1;03S;Baden-Wurttemberg;South;STUTTGART;Germany;70178;80298;16;AA-T06;Ice Cream;Trading Goods;T06;;Ice Cream;31;31;ST;60,31;1869,61;1348,19;EUR;521,42;0,28
.1~56;56;B9;1;4;01-avr;04/01/2021 00:00;1;4;30;1;03S;Baden-Wurttemberg;South;STUTTGART;Germany;70178;80298;16;BB-T02;Cream;Trading Goods;T02;;Cream;19;19;ST;85,36;1621,84;1380,16;EUR;241,68;0,15
.1~72;72;B9;1;6;01-juin;06/01/2021 00:00;2;6;58;1;03S;Baden-Wurttemberg;South;STUTTGART;Germany;70178;80298;16;BB-T05;Butter;Trading Goods;T05;;Butter;25;25;ST;70,48;1762;1508,75;EUR;253,25;0,14
.1~76;76;B9;1;7;01-juil;07/01/2021 00:00;2;7;74;1;03S;Baden-Wurttemberg;South;STUTTGART;Germany;70178;80298;16;BB-T05;Butter;Trading Goods;T05;;Butter;35;35;ST;70,48;2466,8;2112,25;EUR;354,55;0,14
.1~84;84;B9;1;8;01-août;08/01/2021 00:00;2;8;91;1;03S;Baden-Wurttemberg;South;STUTTGART;Germany;70178;80298;16;BB-T06;Ice Cream;Trading Goods;T06;;Ice Cream;34;34;ST;50,79;1726,86;1478,66;EUR;248,2;0,14
.1~153;153;C9;1;9;01-sept;09/01/2021 00:00;2;9;101;1;03W;Saarland;West;SAARBRÜCKEN;Germany;66111;80305;16;CC-T01;Milk;Trading Goods;T01;;Milk;73;73;ST;30,3;2211,9;1688,49;EUR;523,41;0,24
.1~47;47;B9;1;2;01-févr;02/01/2021 00:00;1;2;3;1;03W;Saarland;West;SAARBRÜCKEN;Germany;66111;80305;16;BB-T06;Ice Cream;Trading Goods;T06;;Ice Cream;44;44;ST;50,79;2234,76;1913,56;EUR;321,2;0,14
.1~5;5;A9;1;2;01-févr;02/01/2021 00:00;1;2;5;1;03S;Bavaria;South;NÜRNBERG;Germany;90455;80300;16;AA-T06;Ice Cream;Trading Goods;T06;;Ice Cream;9;9;ST;52,22;469,98;391,41;EUR;78,57;0,17
.1~202;202;E9;1;7;01-juil;07/01/2021 00:00;2;7;67;1;03S;Bavaria;South;NÜRNBERG;Germany;90455;80300;16;EE-T03;Yoghurt;Trading Goods;T03;;Yoghurt;12;12;ST;35,54;426,48;312,6;EUR;113,88;0,27
.1~185;185;D9;1;5;01-mai;05/01/2021 00:00;1;5;43;1;03S;Bavaria;South;NÜRNBERG;Germany;90455;80300;16;DD-T03;Yoghurt;Trading Goods;T03;;Yoghurt;57;57;ST;32,69;1863,33;1484,85;EUR;378,48;0,2
.1~169;169;D9;1;2;01-févr;02/01/2021 00:00;1;2;2;1;03S;Bavaria;South;NÜRNBERG;Germany;90455;80300;16;DD-T06;Ice Cream;Trading Goods;T06;;Ice Cream;39;39;ST;54,59;2129,01;1696,11;EUR;432,9;0,2
.1~118;118;C9;1;7;01-juil;07/01/2021 00:00;2;7;76;1;03S;Bavaria;South;NÜRNBERG;Germany;90455;80300;16;CC-T03;Yoghurt;Trading Goods;T03;;Yoghurt;45;45;ST;34,12;1535,4;1172,25;EUR;363,15;0,24
.1~108;108;C9;1;5;01-mai;05/01/2021 00:00;1;5;41;1;03S;Bavaria;South;NÜRNBERG;Germany;90455;80300;16;CC-T03;Yoghurt;Trading Goods;T03;;Yoghurt;62;62;ST;34,12;2115,44;1615,1;EUR;500,34;0,24
.1~99;99;C9;1;2;01-févr;02/01/2021 00:00;1;2;4;1;03S;Bavaria;South;NÜRNBERG;Germany;90455;80300;16;CC-T06;Ice Cream;Trading Goods;T06;;Ice Cream;36;36;ST;56,96;2050,56;1565,64;EUR;484,92;0,24
.1~53;53;B9;1;3;01-mars;03/01/2021 00:00;1;3;18;1;03S;Bavaria;South;NÜRNBERG;Germany;90455;80300;16;BB-T06;Ice Cream;Trading Goods;T06;;Ice Cream;32;32;ST;50,79;1625,28;1391,68;EUR;233,6;0,14
.1~45;45;B9;1;2;01-févr;02/01/2021 00:00;1;2;6;1;03S;Bavaria;South;NÜRNBERG;Germany;90455;80300;16;BB-T05;Butter;Trading Goods;T05;;Butter;22;22;ST;70,48;1550,56;1327,7;EUR;222,86;0,14
.1~22;22;A9;1;5;01-mai;05/01/2021 00:00;1;5;45;1;03S;Bavaria;South;NÜRNBERG;Germany;90455;80300;16;AA-T03;Yoghurt;Trading Goods;T03;;Yoghurt;62;62;ST;34,4;2132,8;1615,1;EUR;517,7;0,24
.1~11;11;A9;1;3;01-mars;03/01/2021 00:00;1;3;19;1;03S;Bavaria;South;NÜRNBERG;Germany;90455;80300;16;AA-T02;Cream;Trading Goods;T02;;Cream;20;20;ST;87,76;1755,2;1452,8;EUR;302,4;0,17
.1~13;13;A9;1;3;01-mars;03/01/2021 00:00;1;3;22;1;03S;Bavaria;South;MÜNCHEN;Germany;80997;80299;16;AA-T04;Cheese;Trading Goods;T04;;Cheese;18;18;ST;100,05;1800,9;1499,94;EUR;300,96;0,17
.1~35;35;A9;1;10;01-oct;10/01/2021 00:00;2;10;104;1;03S;Bavaria;South;MÜNCHEN;Germany;80997;80299;16;AA-T02;Cream;Trading Goods;T02;;Cream;20;20;ST;93,41;1868,2;1452,8;EUR;415,4;0,22
.1~46;46;B9;1;2;01-févr;02/01/2021 00:00;1;2;9;1;03S;Bavaria;South;MÜNCHEN;Germany;80997;80299;16;BB-T05;Butter;Trading Goods;T05;;Butter;23;23;ST;70,48;1621,04;1388,05;EUR;232,99;0,14
.1~52;52;B9;1;3;01-mars;03/01/2021 00:00;1;3;21;1;03S;Bavaria;South;MÜNCHEN;Germany;80997;80299;16;BB-T01;Milk;Trading Goods;T01;;Milk;62;62;ST;27,02;1675,24;1434,06;EUR;241,18;0,14
.1~148;148;C9;1;9;01-sept;09/01/2021 00:00;2;9;100;1;03S;Bavaria;South;MÜNCHEN;Germany;80997;80299;16;CC-T03;Yoghurt;Trading Goods;T03;;Yoghurt;43;43;ST;29;1247;1120,15;EUR;126,85;0,1
.1~173;173;D9;1;3;01-mars;03/01/2021 00:00;1;3;17;1;03S;Bavaria;South;MÜNCHEN;Germany;80997;80299;16;DD-T03;Yoghurt;Trading Goods;T03;;Yoghurt;63;63;ST;32,69;2059,47;1641,15;EUR;418,32;0,2
.1~199;199;E9;1;6;01-juin;06/01/2021 00:00;2;6;60;1;03S;Bavaria;South;MÜNCHEN;Germany;80997;80299;16;EE-T03;Yoghurt;Trading Goods;T03;;Yoghurt;64;64;ST;35,54;2274,56;1667,2;EUR;607,36;0,27
.1~208;208;E9;1;10;01-oct;10/01/2021 00:00;2;10;103;1;03S;Bavaria;South;MÜNCHEN;Germany;80997;80299;16;EE-T01;Milk;Trading Goods;T01;;Milk;70;70;ST;31,56;2209,2;1619,1;EUR;590,1;0,27
.1~9;9;A9;1;3;01-mars;03/01/2021 00:00;1;3;24;1;03N;Saxony;North;DRESDEN;Germany;1157;80297;16;AA-T06;Ice Cream;Trading Goods;T06;;Ice Cream;9;9;ST;52,22;469,98;391,41;EUR;78,57;0,17
.1~25;25;A9;1;6;01-juin;06/01/2021 00:00;2;6;61;1;03N;Saxony;North;DRESDEN;Germany;1157;80297;16;AA-T03;Yoghurt;Trading Goods;T03;;Yoghurt;3;3;ST;36,12;108,36;78,15;EUR;30,21;0,28
.1~30;30;A9;1;8;01-août;08/01/2021 00:00;2;8;80;1;03N;Saxony;North;DRESDEN;Germany;1157;80297;16;AA-T01;Milk;Trading Goods;T01;;Milk;30;30;ST;30,49;914,7;693,9;EUR;220,8;0,24
.1~39;39;B9;1;2;01-févr;02/01/2021 00:00;1;2;13;1;03N;Saxony;North;DRESDEN;Germany;1157;80297;16;BB-T01;Milk;Trading Goods;T01;;Milk;87;87;ST;27,02;2350,74;2012,31;EUR;338,43;0,14
.1~49;49;B9;1;3;01-mars;03/01/2021 00:00;1;3;23;1;03N;Saxony;North;DRESDEN;Germany;1157;80297;16;BB-T03;Yoghurt;Trading Goods;T03;;Yoghurt;73;73;ST;30,42;2220,66;1901,65;EUR;319,01;0,14
.1~1;1;A9;1;2;01-févr;02/01/2021 00:00;1;2;11;1;03N;Saxony;North;DRESDEN;Germany;1157;80297;16;AA-T01;Milk;Trading Goods;T01;;Milk;84;84;ST;27,78;2333,52;1942,92;EUR;390,6;0,17
.1~189;189;D9;1;6;01-juin;06/01/2021 00:00;2;6;55;1;03N;Saxony;North;DRESDEN;Germany;1157;80297;16;DD-T01;Milk;Trading Goods;T01;;Milk;11;11;ST;29,04;319,44;254,43;EUR;65,01;0,2
.1~171;171;D9;1;3;01-mars;03/01/2021 00:00;1;3;20;1;03N;Saxony;North;DRESDEN;Germany;1157;80297;16;DD-T03;Yoghurt;Trading Goods;T03;;Yoghurt;63;63;ST;32,69;2059,47;1641,15;EUR;418,32;0,2
.1~164;164;D9;1;2;01-févr;02/01/2021 00:00;1;2;10;1;03N;Saxony;North;DRESDEN;Germany;1157;80297;16;DD-T05;Butter;Trading Goods;T05;;Butter;22;22;ST;75,75;1666,5;1327,7;EUR;338,8;0,2
.1~112;112;C9;1;6;01-juin;06/01/2021 00:00;2;6;59;1;03N;Saxony;North;DRESDEN;Germany;1157;80297;16;CC-T06;Ice Cream;Trading Goods;T06;;Ice Cream;6;6;ST;56,96;341,76;260,94;EUR;80,82;0,24
.1~81;81;B9;1;8;01-août;08/01/2021 00:00;2;8;84;1;03N;Saxony;North;DRESDEN;Germany;1157;80297;16;BB-T03;Yoghurt;Trading Goods;T03;;Yoghurt;27;27;ST;30,42;821,34;703,35;EUR;117,99;0,14
.1~69;69;B9;1;6;01-juin;06/01/2021 00:00;2;6;63;1;03N;Saxony;North;DRESDEN;Germany;1157;80297;16;BB-T01;Milk;Trading Goods;T01;;Milk;15;15;ST;27,02;405,3;346,95;EUR;58,35;0,14
.1~134;134;C9;1;8;01-août;08/01/2021 00:00;2;8;82;3;03W;Nrth Rhine Westfalia;West;DÜSSELDORF;Germany;40234;80303;16;CC-T04;Cheese;Trading Goods;T04;;Cheese;17;17;ST;92,77;1577,09;1416,61;EUR;160,48;0,1
.1~132;132;C9;1;8;01-août;08/01/2021 00:00;2;8;82;2;03W;Nrth Rhine Westfalia;West;DÜSSELDORF;Germany;40234;80303;16;CC-T02;Cream;Trading Goods;T02;;Cream;23;23;ST;73,24;1684,52;1670,72;EUR;13,8;0,01
.1~103;103;C9;1;4;01-avr;04/01/2021 00:00;1;4;29;2;03W;Nrth Rhine Westfalia;West;ESSEN;Germany;45128;80304;16;CC-T04;Cheese;Trading Goods;T04;;Cheese;22;22;ST;109,14;2401,08;1833,26;EUR;567,82;0,24
.1~87;87;B9;1;8;01-août;08/01/2021 00:00;2;8;89;2;03W;Nrth Rhine Westfalia;West;ESSEN;Germany;45128;80304;16;BB-T03;Yoghurt;Trading Goods;T03;;Yoghurt;63;63;ST;30,42;1916,46;1641,15;EUR;275,31;0,14
.1~74;74;B9;1;6;01-juin;06/01/2021 00:00;2;6;62;2;03W;Nrth Rhine Westfalia;West;ESSEN;Germany;45128;80304;16;BB-T04;Cheese;Trading Goods;T04;;Cheese;22;22;ST;97,32;2141,04;1833,26;EUR;307,78;0,14
.1~161;161;C9;1;10;01-oct;10/01/2021 00:00;2;10;112;2;03W;Nrth Rhine Westfalia;West;KÖLN;Germany;50668;80302;16;CC-T05;Butter;Trading Goods;T05;;Butter;27;27;ST;60,47;1632,69;1629,45;EUR;3,24;0
.1~160;160;C9;1;10;01-oct;10/01/2021 00:00;2;10;112;5;03W;Nrth Rhine Westfalia;West;KÖLN;Germany;50668;80302;16;CC-T03;Yoghurt;Trading Goods;T03;;Yoghurt;60;60;ST;29;1740;1563;EUR;177;0,1
.1~79;79;B9;1;7;01-juil;07/01/2021 00:00;2;7;71;2;03W;Nrth Rhine Westfalia;West;KÖLN;Germany;50668;80302;16;BB-T03;Yoghurt;Trading Goods;T03;;Yoghurt;67;67;ST;30,42;2038,14;1745,35;EUR;292,79;0,14
.1~78;78;B9;1;7;01-juil;07/01/2021 00:00;2;7;71;6;03W;Nrth Rhine Westfalia;West;KÖLN;Germany;50668;80302;16;BB-T01;Milk;Trading Goods;T01;;Milk;76;76;ST;27,02;2053,52;1757,88;EUR;295,64;0,14
.1~77;77;B9;1;7;01-juil;07/01/2021 00:00;2;7;71;5;03W;Nrth Rhine Westfalia;West;KÖLN;Germany;50668;80302;16;BB-T01;Milk;Trading Goods;T01;;Milk;66;66;ST;27,02;1783,32;1526,58;EUR;256,74;0,14
.1~187;187;D9;1;5;01-mai;05/01/2021 00:00;1;5;48;2;03W;Nrth Rhine Westfalia;West;DÜSSELDORF;Germany;40234;80303;16;DD-T01;Milk;Trading Goods;T01;;Milk;64;64;ST;29,04;1858,56;1480,32;EUR;378,24;0,2
.1~8;8;A9;1;3;01-mars;03/01/2021 00:00;1;3;26;2;03N;Berlin;North;BERLIN;Germany;13129;80294;16;AA-T05;Butter;Trading Goods;T05;;Butter;32;32;ST;72,46;2318,72;1931,2;EUR;387,52;0,17
.1~37;37;B9;1;2;01-févr;02/01/2021 00:00;1;2;12;3;03N;Berlin;North;BERLIN;Germany;13129;80294;16;BB-T01;Milk;Trading Goods;T01;;Milk;74;74;ST;27,02;1999,48;1711,62;EUR;287,86;0,14
.1~38;38;B9;1;2;01-févr;02/01/2021 00:00;1;2;12;4;03N;Berlin;North;BERLIN;Germany;13129;80294;16;BB-T01;Milk;Trading Goods;T01;;Milk;71;71;ST;27,02;1918,42;1642,23;EUR;276,19;0,14
.1~42;42;B9;1;2;01-févr;02/01/2021 00:00;1;2;12;2;03N;Berlin;North;BERLIN;Germany;13129;80294;16;BB-T05;Butter;Trading Goods;T05;;Butter;24;24;ST;70,48;1691,52;1448,4;EUR;243,12;0,14
.1~50;50;B9;1;3;01-mars;03/01/2021 00:00;1;3;25;2;03N;Berlin;North;BERLIN;Germany;13129;80294;16;BB-T03;Yoghurt;Trading Goods;T03;;Yoghurt;50;50;ST;30,42;1521;1302,5;EUR;218,5;0,14
.1~51;51;B9;1;3;01-mars;03/01/2021 00:00;1;3;25;3;03N;Berlin;North;BERLIN;Germany;13129;80294;16;BB-T04;Cheese;Trading Goods;T04;;Cheese;18;18;ST;97,32;1751,76;1499,94;EUR;251,82;0,14
.1~163;163;D9;1;2;01-févr;02/01/2021 00:00;1;2;7;2;03N;Berlin;North;BERLIN;Germany;13129;80294;16;DD-T01;Milk;Trading Goods;T01;;Milk;69;69;ST;29,04;2003,76;1595,97;EUR;407,79;0,2
.1~176;176;D9;1;4;01-avr;04/01/2021 00:00;1;4;33;3;03N;Berlin;North;BERLIN;Germany;13129;80294;16;DD-T01;Milk;Trading Goods;T01;;Milk;75;75;ST;29,04;2178;1734,75;EUR;443,25;0,2
.1~180;180;D9;1;4;01-avr;04/01/2021 00:00;1;4;33;2;03N;Berlin;North;BERLIN;Germany;13129;80294;16;DD-T06;Ice Cream;Trading Goods;T06;;Ice Cream;41;41;ST;54,59;2238,19;1783,09;EUR;455,1;0,2
.1~181;181;D9;1;4;01-avr;04/01/2021 00:00;1;4;33;4;03N;Berlin;North;BERLIN;Germany;13129;80294;16;DD-T06;Ice Cream;Trading Goods;T06;;Ice Cream;36;36;ST;54,59;1965,24;1565,64;EUR;399,6;0,2
.1~140;140;C9;1;9;01-sept;09/01/2021 00:00;2;9;99;3;03N;Bremen;North;BREMEN;Germany;28197;80296;16;CC-T02;Cream;Trading Goods;T02;;Cream;21;21;ST;73,24;1538,04;1525,44;EUR;12,6;0,01
.1~139;139;C9;1;9;01-sept;09/01/2021 00:00;2;9;99;5;03N;Bremen;North;BREMEN;Germany;28197;80296;16;CC-T01;Milk;Trading Goods;T01;;Milk;51;51;ST;30,3;1545,3;1179,63;EUR;365,67;0,24
.1~138;138;C9;1;9;01-sept;09/01/2021 00:00;2;9;99;7;03N;Bremen;North;BREMEN;Germany;28197;80296;16;CC-T01;Milk;Trading Goods;T01;;Milk;8;8;ST;30,3;242,4;185,04;EUR;57,36;0,24
.1~137;137;C9;1;9;01-sept;09/01/2021 00:00;2;9;99;4;03N;Bremen;North;BREMEN;Germany;28197;80296;16;CC-T01;Milk;Trading Goods;T01;;Milk;68;68;ST;30,3;2060,4;1572,84;EUR;487,56;0,24
.1~136;136;C9;1;9;01-sept;09/01/2021 00:00;2;9;99;2;03N;Bremen;North;BREMEN;Germany;28197;80296;16;CC-T01;Milk;Trading Goods;T01;;Milk;79;79;ST;30,3;2393,7;1827,27;EUR;566,43;0,24
.1~92;92;B9;1;10;01-oct;10/01/2021 00:00;2;10;111;3;03N;Bremen;North;BREMEN;Germany;28197;80296;16;BB-T03;Yoghurt;Trading Goods;T03;;Yoghurt;69;69;ST;30,42;2098,98;1797,45;EUR;301,53;0,14
.1~91;91;B9;1;10;01-oct;10/01/2021 00:00;2;10;111;2;03N;Bremen;North;BREMEN;Germany;28197;80296;16;BB-T01;Milk;Trading Goods;T01;;Milk;66;66;ST;27,02;1783,32;1526,58;EUR;256,74;0,14
.1~17;17;A9;1;4;01-avr;04/01/2021 00:00;1;4;32;2;03N;Bremen;North;BREMEN;Germany;28197;80296;16;AA-T03;Yoghurt;Trading Goods;T03;;Yoghurt;64;64;ST;31,27;2001,28;1667,2;EUR;334,08;0,17
.1~179;179;D9;1;4;01-avr;04/01/2021 00:00;1;4;28;2;03N;Bremen;North;BREMEN;Germany;28197;80296;16;DD-T03;Yoghurt;Trading Goods;T03;;Yoghurt;71;71;ST;32,69;2320,99;1849,55;EUR;471,44;0,2
.1~178;178;D9;1;4;01-avr;04/01/2021 00:00;1;4;28;3;03N;Bremen;North;BREMEN;Germany;28197;80296;16;DD-T03;Yoghurt;Trading Goods;T03;;Yoghurt;1;1;ST;32,69;32,69;26,05;EUR;6,64;0,2
.1~146;146;C9;1;9;01-sept;09/01/2021 00:00;2;9;99;5;03N;Bremen;North;BREMEN;Germany;28197;80296;16;CC-T05;Butter;Trading Goods;T05;;Butter;25;25;ST;60,47;1511,75;1508,75;EUR;3;0
.1~145;145;C9;1;9;01-sept;09/01/2021 00:00;2;9;99;7;03N;Bremen;North;BREMEN;Germany;28197;80296;16;CC-T05;Butter;Trading Goods;T05;;Butter;7;7;ST;60,47;423,29;422,45;EUR;0,84;0
.1~143;143;C9;1;9;01-sept;09/01/2021 00:00;2;9;99;6;03N;Bremen;North;BREMEN;Germany;28197;80296;16;CC-T03;Yoghurt;Trading Goods;T03;;Yoghurt;62;62;ST;29;1798;1615,1;EUR;182,9;0,1
.1~142;142;C9;1;9;01-sept;09/01/2021 00:00;2;9;99;6;03N;Bremen;North;BREMEN;Germany;28197;80296;16;CC-T02;Cream;Trading Goods;T02;;Cream;21;21;ST;73,24;1538,04;1525,44;EUR;12,6;0,01
.1~141;141;C9;1;9;01-sept;09/01/2021 00:00;2;9;99;8;03N;Bremen;North;BREMEN;Germany;28197;80296;16;CC-T02;Cream;Trading Goods;T02;;Cream;25;25;ST;73,24;1831;1816;EUR;15;0,01
.1~105;105;C9;1;5;01-mai;05/01/2021 00:00;1;5;52;3;03N;Hamburg;North;HAMBURG;Germany;22769;80295;16;CC-T06;Ice Cream;Trading Goods;T06;;Ice Cream;32;32;ST;56,96;1822,72;1391,68;EUR;431,04;0,24
.1~104;104;C9;1;5;01-mai;05/01/2021 00:00;1;5;52;2;03N;Hamburg;North;HAMBURG;Germany;22769;80295;16;CC-T01;Milk;Trading Goods;T01;;Milk;82;82;ST;30,3;2484,6;1896,66;EUR;587,94;0,24
.1~63;63;B9;1;5;01-mai;05/01/2021 00:00;1;5;51;7;03N;Hamburg;North;HAMBURG;Germany;22769;80295;16;BB-T06;Ice Cream;Trading Goods;T06;;Ice Cream;39;39;ST;50,79;1980,81;1696,11;EUR;284,7;0,14
.1~62;62;B9;1;5;01-mai;05/01/2021 00:00;1;5;51;8;03N;Hamburg;North;HAMBURG;Germany;22769;80295;16;BB-T06;Ice Cream;Trading Goods;T06;;Ice Cream;18;18;ST;50,79;914,22;782,82;EUR;131,4;0,14
.1~61;61;B9;1;5;01-mai;05/01/2021 00:00;1;5;51;2;03N;Hamburg;North;HAMBURG;Germany;22769;80295;16;BB-T04;Cheese;Trading Goods;T04;;Cheese;16;16;ST;97,32;1557,12;1333,28;EUR;223,84;0,14
.1~60;60;B9;1;5;01-mai;05/01/2021 00:00;1;5;51;3;03N;Hamburg;North;HAMBURG;Germany;22769;80295;16;BB-T01;Milk;Trading Goods;T01;;Milk;74;74;ST;27,02;1999,48;1711,62;EUR;287,86;0,14
.1~21;21;A9;1;5;01-mai;05/01/2021 00:00;1;5;50;3;03N;Hamburg;North;HAMBURG;Germany;22769;80295;16;AA-T03;Yoghurt;Trading Goods;T03;;Yoghurt;47;47;ST;34,4;1616,8;1224,35;EUR;392,45;0,24
.1~182;182;D9;1;5;01-mai;05/01/2021 00:00;1;5;53;2;03N;Hamburg;North;HAMBURG;Germany;22769;80295;16;DD-T01;Milk;Trading Goods;T01;;Milk;71;71;ST;29,04;2061,84;1642,23;EUR;419,61;0,2
.1~158;158;C9;1;10;01-oct;10/01/2021 00:00;2;10;107;2;03N;Hamburg;North;HAMBURG;Germany;22769;80295;16;CC-T05;Butter;Trading Goods;T05;;Butter;16;16;ST;60,47;967,52;965,6;EUR;1,92;0
.1~156;156;C9;1;10;01-oct;10/01/2021 00:00;2;10;107;3;03N;Hamburg;North;HAMBURG;Germany;22769;80295;16;CC-T02;Cream;Trading Goods;T02;;Cream;33;33;ST;73,24;2416,92;2397,12;EUR;19,8;0,01
.1~124;124;C9;1;8;01-août;08/01/2021 00:00;2;8;92;2;03N;Hamburg;North;HAMBURG;Germany;22769;80295;16;CC-T05;Butter;Trading Goods;T05;;Butter;33;33;ST;60,47;1995,51;1991,55;EUR;3,96;0
.1~122;122;C9;1;8;01-août;08/01/2021 00:00;2;8;92;3;03N;Hamburg;North;HAMBURG;Germany;22769;80295;16;CC-T04;Cheese;Trading Goods;T04;;Cheese;26;26;ST;92,77;2412,02;2166,58;EUR;245,44;0,1
.1~121;121;C9;1;8;01-août;08/01/2021 00:00;2;8;92;4;03N;Hamburg;North;HAMBURG;Germany;22769;80295;16;CC-T03;Yoghurt;Trading Goods;T03;;Yoghurt;58;58;ST;29;1682;1510,9;EUR;171,1;0,1
.1~116;116;C9;1;7;01-juil;07/01/2021 00:00;2;7;68;3;03N;Hamburg;North;HAMBURG;Germany;22769;80295;16;CC-T05;Butter;Trading Goods;T05;;Butter;24;24;ST;71,14;1707,36;1448,4;EUR;258,96;0,15
.1~115;115;C9;1;7;01-juil;07/01/2021 00:00;2;7;68;2;03N;Hamburg;North;HAMBURG;Germany;22769;80295;16;CC-T01;Milk;Trading Goods;T01;;Milk;35;35;ST;30,3;1060,5;809,55;EUR;250,95;0,24
.1~24;24;A9;1;5;01-mai;05/01/2021 00:00;1;5;40;2;03S;Hessen;South;FRANKFURT/MAIN;Germany;60314;80301;16;AA-T05;Butter;Trading Goods;T05;;Butter;25;25;ST;79,71;1992,75;1508,75;EUR;484;0,24
.1~34;34;A9;1;10;01-oct;10/01/2021 00:00;2;10;113;2;03S;Hessen;South;FRANKFURT/MAIN;Germany;60314;80301;16;AA-T01;Milk;Trading Goods;T01;;Milk;60;60;ST;29,58;1774,8;1387,8;EUR;387;0,22
.1~90;90;B9;1;9;01-sept;09/01/2021 00:00;2;9;95;3;03S;Hessen;South;FRANKFURT/MAIN;Germany;60314;80301;16;BB-T05;Butter;Trading Goods;T05;;Butter;23;23;ST;70,48;1621,04;1388,05;EUR;232,99;0,14
.1~95;95;B9;1;10;01-oct;10/01/2021 00:00;2;10;114;3;03S;Hessen;South;FRANKFURT/MAIN;Germany;60314;80301;16;BB-T02;Cream;Trading Goods;T02;;Cream;26;26;ST;85,36;2219,36;1888,64;EUR;330,72;0,15
.1~96;96;B9;1;10;01-oct;10/01/2021 00:00;2;10;114;2;03S;Hessen;South;FRANKFURT/MAIN;Germany;60314;80301;16;BB-T05;Butter;Trading Goods;T05;;Butter;23;23;ST;70,48;1621,04;1388,05;EUR;232,99;0,14
.1~126;126;C9;1;8;01-août;08/01/2021 00:00;2;8;85;4;03S;Hessen;South;FRANKFURT/MAIN;Germany;60314;80301;16;CC-T02;Cream;Trading Goods;T02;;Cream;22;22;ST;73,24;1611,28;1598,08;EUR;13,2;0,01
.1~130;130;C9;1;8;01-août;08/01/2021 00:00;2;8;85;3;03S;Hessen;South;FRANKFURT/MAIN;Germany;60314;80301;16;CC-T05;Butter;Trading Goods;T05;;Butter;35;35;ST;60,47;2116,45;2112,25;EUR;4,2;0
.1~131;131;C9;1;8;01-août;08/01/2021 00:00;2;8;85;2;03S;Hessen;South;FRANKFURT/MAIN;Germany;60314;80301;16;CC-T05;Butter;Trading Goods;T05;;Butter;29;29;ST;60,47;1753,63;1750,15;EUR;3,48;0
.1~149;149;C9;1;9;01-sept;09/01/2021 00:00;2;9;97;4;03S;Hessen;South;FRANKFURT/MAIN;Germany;60314;80301;16;CC-T03;Yoghurt;Trading Goods;T03;;Yoghurt;54;54;ST;29;1566;1406,7;EUR;159,3;0,1
.1~150;150;C9;1;9;01-sept;09/01/2021 00:00;2;9;97;3;03S;Hessen;South;FRANKFURT/MAIN;Germany;60314;80301;16;CC-T03;Yoghurt;Trading Goods;T03;;Yoghurt;59;59;ST;29;1711;1536,95;EUR;174,05;0,1
.1~151;151;C9;1;9;01-sept;09/01/2021 00:00;2;9;97;2;03S;Hessen;South;FRANKFURT/MAIN;Germany;60314;80301;16;CC-T03;Yoghurt;Trading Goods;T03;;Yoghurt;59;59;ST;29;1711;1536,95;EUR;174,05;0,1
.1~65;65;B9;1;5;01-mai;05/01/2021 00:00;1;5;42;2;03S;Hessen;South;FRANKFURT/MAIN;Germany;60314;80301;16;BB-T05;Butter;Trading Goods;T05;;Butter;30;30;ST;70,48;2114,4;1810,5;EUR;303,9;0,14
.1~66;66;B9;1;5;01-mai;05/01/2021 00:00;1;5;42;3;03S;Hessen;South;FRANKFURT/MAIN;Germany;60314;80301;16;BB-T05;Butter;Trading Goods;T05;;Butter;22;22;ST;70,48;1550,56;1327,7;EUR;222,86;0,14
.1~82;82;B9;1;8;01-août;08/01/2021 00:00;2;8;86;2;03S;Hessen;South;FRANKFURT/MAIN;Germany;60314;80301;16;BB-T01;Milk;Trading Goods;T01;;Milk;65;65;ST;27,02;1756,3;1503,45;EUR;252,85;0,14
.1~89;89;B9;1;9;01-sept;09/01/2021 00:00;2;9;95;2;03S;Hessen;South;FRANKFURT/MAIN;Germany;60314;80301;16;BB-T03;Yoghurt;Trading Goods;T03;;Yoghurt;51;51;ST;30,42;1551,42;1328,55;EUR;222,87;0,14
.1~200;200;E9;1;6;01-juin;06/01/2021 00:00;2;6;56;2;03S;Baden-Wurttemberg;South;STUTTGART;Germany;70178;80298;16;EE-T03;Yoghurt;Trading Goods;T03;;Yoghurt;44;44;ST;35,54;1563,76;1146,2;EUR;417,56;0,27
.1~128;128;C9;1;8;01-août;08/01/2021 00:00;2;8;90;3;03S;Baden-Wurttemberg;South;STUTTGART;Germany;70178;80298;16;CC-T05;Butter;Trading Goods;T05;;Butter;10;10;ST;60,47;604,7;603,5;EUR;1,2;0
.1~125;125;C9;1;8;01-août;08/01/2021 00:00;2;8;90;2;03S;Baden-Wurttemberg;South;STUTTGART;Germany;70178;80298;16;CC-T02;Cream;Trading Goods;T02;;Cream;33;33;ST;73,24;2416,92;2397,12;EUR;19,8;0,01
.1~26;26;A9;1;6;01-juin;06/01/2021 00:00;2;6;57;2;03S;Baden-Wurttemberg;South;STUTTGART;Germany;70178;80298;16;AA-T01;Milk;Trading Goods;T01;;Milk;55;55;ST;32,09;1764,95;1272,15;EUR;492,8;0,28
.1~57;57;B9;1;4;01-avr;04/01/2021 00:00;1;4;30;2;03S;Baden-Wurttemberg;South;STUTTGART;Germany;70178;80298;16;BB-T03;Yoghurt;Trading Goods;T03;;Yoghurt;66;66;ST;30,42;2007,72;1719,3;EUR;288,42;0,14
.1~58;58;B9;1;4;01-avr;04/01/2021 00:00;1;4;30;5;03S;Baden-Wurttemberg;South;STUTTGART;Germany;70178;80298;16;BB-T04;Cheese;Trading Goods;T04;;Cheese;23;23;ST;97,32;2238,36;1916,59;EUR;321,77;0,14
.1~70;70;B9;1;6;01-juin;06/01/2021 00:00;2;6;58;3;03S;Baden-Wurttemberg;South;STUTTGART;Germany;70178;80298;16;BB-T01;Milk;Trading Goods;T01;;Milk;65;65;ST;27,02;1756,3;1503,45;EUR;252,85;0,14
.1~71;71;B9;1;6;01-juin;06/01/2021 00:00;2;6;58;2;03S;Baden-Wurttemberg;South;STUTTGART;Germany;70178;80298;16;BB-T03;Yoghurt;Trading Goods;T03;;Yoghurt;7;7;ST;30,42;212,94;182,35;EUR;30,59;0,14
.1~154;154;C9;1;9;01-sept;09/01/2021 00:00;2;9;101;2;03W;Saarland;West;SAARBRÜCKEN;Germany;66111;80305;16;CC-T01;Milk;Trading Goods;T01;;Milk;59;59;ST;30,3;1787,7;1364,67;EUR;423,03;0,24
.1~186;186;D9;1;5;01-mai;05/01/2021 00:00;1;5;43;2;03S;Bavaria;South;NÜRNBERG;Germany;90455;80300;16;DD-T06;Ice Cream;Trading Goods;T06;;Ice Cream;38;38;ST;54,59;2074,42;1652,62;EUR;421,8;0,2
.1~168;168;D9;1;2;01-févr;02/01/2021 00:00;1;2;2;4;03S;Bavaria;South;NÜRNBERG;Germany;90455;80300;16;DD-T06;Ice Cream;Trading Goods;T06;;Ice Cream;23;23;ST;54,59;1255,57;1000,27;EUR;255,3;0,2
.1~167;167;D9;1;2;01-févr;02/01/2021 00:00;1;2;2;3;03S;Bavaria;South;NÜRNBERG;Germany;90455;80300;16;DD-T05;Butter;Trading Goods;T05;;Butter;21;21;ST;75,75;1590,75;1267,35;EUR;323,4;0,2
.1~166;166;D9;1;2;01-févr;02/01/2021 00:00;1;2;2;2;03S;Bavaria;South;NÜRNBERG;Germany;90455;80300;16;DD-T03;Yoghurt;Trading Goods;T03;;Yoghurt;59;59;ST;32,69;1928,71;1536,95;EUR;391,76;0,2
.1~98;98;C9;1;2;01-févr;02/01/2021 00:00;1;2;4;2;03S;Bavaria;South;NÜRNBERG;Germany;90455;80300;16;CC-T06;Ice Cream;Trading Goods;T06;;Ice Cream;22;22;ST;56,96;1253,12;956,78;EUR;296,34;0,24
.1~44;44;B9;1;2;01-févr;02/01/2021 00:00;1;2;6;2;03S;Bavaria;South;NÜRNBERG;Germany;90455;80300;16;BB-T03;Yoghurt;Trading Goods;T03;;Yoghurt;77;77;ST;30,42;2342,34;2005,85;EUR;336,49;0,14
.1~12;12;A9;1;3;01-mars;03/01/2021 00:00;1;3;22;3;03S;Bavaria;South;MÜNCHEN;Germany;80997;80299;16;AA-T03;Yoghurt;Trading Goods;T03;;Yoghurt;66;66;ST;31,27;2063,82;1719,3;EUR;344,52;0,17
.1~14;14;A9;1;3;01-mars;03/01/2021 00:00;1;3;22;2;03S;Bavaria;South;MÜNCHEN;Germany;80997;80299;16;AA-T06;Ice Cream;Trading Goods;T06;;Ice Cream;39;39;ST;52,22;2036,58;1696,11;EUR;340,47;0,17
.1~152;152;C9;1;9;01-sept;09/01/2021 00:00;2;9;100;2;03S;Bavaria;South;MÜNCHEN;Germany;80997;80299;16;CC-T05;Butter;Trading Goods;T05;;Butter;11;11;ST;60,47;665,17;663,85;EUR;1,32;0
.1~172;172;D9;1;3;01-mars;03/01/2021 00:00;1;3;17;2;03S;Bavaria;South;MÜNCHEN;Germany;80997;80299;16;DD-T01;Milk;Trading Goods;T01;;Milk;56;56;ST;29,04;1626,24;1295,28;EUR;330,96;0,2
.1~174;174;D9;1;3;01-mars;03/01/2021 00:00;1;3;17;3;03S;Bavaria;South;MÜNCHEN;Germany;80997;80299;16;DD-T03;Yoghurt;Trading Goods;T03;;Yoghurt;51;51;ST;32,69;1667,19;1328,55;EUR;338,64;0,2
.1~10;10;A9;1;3;01-mars;03/01/2021 00:00;1;3;22;4;03S;Bavaria;South;MÜNCHEN;Germany;80997;80299;16;AA-T01;Milk;Trading Goods;T01;;Milk;58;58;ST;27,78;1611,24;1341,54;EUR;269,7;0,17
.1~2;2;A9;1;2;01-févr;02/01/2021 00:00;1;2;11;3;03N;Saxony;North;DRESDEN;Germany;1157;80297;16;AA-T01;Milk;Trading Goods;T01;;Milk;61;61;ST;27,78;1694,58;1410,93;EUR;283,65;0,17
.1~3;3;A9;1;2;01-févr;02/01/2021 00:00;1;2;11;2;03N;Saxony;North;DRESDEN;Germany;1157;80297;16;AA-T03;Yoghurt;Trading Goods;T03;;Yoghurt;63;63;ST;31,27;1970,01;1641,15;EUR;328,86;0,17
.1~40;40;B9;1;2;01-févr;02/01/2021 00:00;1;2;13;3;03N;Saxony;North;DRESDEN;Germany;1157;80297;16;BB-T01;Milk;Trading Goods;T01;;Milk;18;18;ST;27,02;486,36;416,34;EUR;70,02;0,14
.1~41;41;B9;1;2;01-févr;02/01/2021 00:00;1;2;13;2;03N;Saxony;North;DRESDEN;Germany;1157;80297;16;BB-T03;Yoghurt;Trading Goods;T03;;Yoghurt;65;65;ST;30,42;1977,3;1693,25;EUR;284,05;0,14
.1~170;170;D9;1;3;01-mars;03/01/2021 00:00;1;3;20;2;03N;Saxony;North;DRESDEN;Germany;1157;80297;16;DD-T03;Yoghurt;Trading Goods;T03;;Yoghurt;47;47;ST;32,69;1536,43;1224,35;EUR;312,08;0,2
.1~111;111;C9;1;6;01-juin;06/01/2021 00:00;2;6;59;5;03N;Saxony;North;DRESDEN;Germany;1157;80297;16;CC-T01;Milk;Trading Goods;T01;;Milk;81;81;ST;30,3;2454,3;1873,53;EUR;580,77;0,24
.1~110;110;C9;1;6;01-juin;06/01/2021 00:00;2;6;59;2;03N;Saxony;North;DRESDEN;Germany;1157;80297;16;CC-T01;Milk;Trading Goods;T01;;Milk;57;57;ST;30,3;1727,1;1318,41;EUR;408,69;0,24
