ID;ROW_NUMBER;PLANT;SIM_ROUND;SIM_STEP;SIM_DATE;SIM_CALENDAR_DATE;SIM_PERIOD;SIM_ELAPSED_STEPS;STORAGE_LOCATION;MATERIAL_NUMBER;MATERIAL_DESCRIPTION;MATERIAL_TYPE;MATERIAL_CODE;MATERIAL_SIZE;MATERIAL_LABEL;UNIT;QUANTITY
.1~127;127;C9;01;01;01/01;01/01/2021 00:00;1;1;03S;CC-T02;Cream;Trading Goods;T02;;Cream;ST;95
.1~82;82;B9;01;01;01/01;01/01/2021 00:00;1;1;03W;BB-T02;Cream;Trading Goods;T02;;Cream;ST;80
.1~83;83;B9;01;01;01/01;01/01/2021 00:00;1;1;03N;BB-T02;Cream;Trading Goods;T02;;Cream;ST;80
.1~84;84;B9;01;01;01/01;01/01/2021 00:00;1;1;03S;BB-T02;Cream;Trading Goods;T02;;Cream;ST;80
.1~189;189;D9;01;01;01/01;01/01/2021 00:00;1;1;03W;DD-T02;Cream;Trading Goods;T02;;Cream;ST;100
.1~188;188;D9;01;01;01/01;01/01/2021 00:00;1;1;03N;DD-T02;Cream;Trading Goods;T02;;Cream;ST;100
.1~187;187;D9;01;01;01/01;01/01/2021 00:00;1;1;03S;DD-T02;Cream;Trading Goods;T02;;Cream;ST;100
.1~126;126;C9;01;01;01/01;01/01/2021 00:00;1;1;03N;CC-T02;Cream;Trading Goods;T02;;Cream;ST;95
.1~125;125;C9;01;01;01/01;01/01/2021 00:00;1;1;03W;CC-T02;Cream;Trading Goods;T02;;Cream;ST;95
.1~4;4;A9;01;01;01/01;01/01/2021 00:00;1;1;03S;AA-T02;Cream;Trading Goods;T02;;Cream;ST;60
.1~5;5;A9;01;01;01/01;01/01/2021 00:00;1;1;03N;AA-T02;Cream;Trading Goods;T02;;Cream;ST;60
.1~6;6;A9;01;01;01/01;01/01/2021 00:00;1;1;03W;AA-T02;Cream;Trading Goods;T02;;Cream;ST;60
.1~137;137;C9;01;01;01/01;01/01/2021 00:00;1;1;03S;CC-T06;Ice Cream;Trading Goods;T06;;Ice Cream;ST;95
.1~96;96;B9;01;01;01/01;01/01/2021 00:00;1;1;03S;BB-T06;Ice Cream;Trading Goods;T06;;Ice Cream;ST;100
.1~16;16;A9;01;01;01/01;01/01/2021 00:00;1;1;03S;AA-T06;Ice Cream;Trading Goods;T06;;Ice Cream;ST;50
.1~17;17;A9;01;01;01/01;01/01/2021 00:00;1;1;03N;AA-T06;Ice Cream;Trading Goods;T06;;Ice Cream;ST;50
.1~18;18;A9;01;01;01/01;01/01/2021 00:00;1;1;03W;AA-T06;Ice Cream;Trading Goods;T06;;Ice Cream;ST;50
.1~201;201;D9;01;01;01/01;01/01/2021 00:00;1;1;03S;DD-T06;Ice Cream;Trading Goods;T06;;Ice Cream;ST;100
.1~200;200;D9;01;01;01/01;01/01/2021 00:00;1;1;03N;DD-T06;Ice Cream;Trading Goods;T06;;Ice Cream;ST;100
.1~199;199;D9;01;01;01/01;01/01/2021 00:00;1;1;03W;DD-T06;Ice Cream;Trading Goods;T06;;Ice Cream;ST;100
.1~94;94;B9;01;01;01/01;01/01/2021 00:00;1;1;03W;BB-T06;Ice Cream;Trading Goods;T06;;Ice Cream;ST;100
.1~95;95;B9;01;01;01/01;01/01/2021 00:00;1;1;03N;BB-T06;Ice Cream;Trading Goods;T06;;Ice Cream;ST;100
.1~139;139;C9;01;01;01/01;01/01/2021 00:00;1;1;03W;CC-T06;Ice Cream;Trading Goods;T06;;Ice Cream;ST;95
.1~138;138;C9;01;01;01/01;01/01/2021 00:00;1;1;03N;CC-T06;Ice Cream;Trading Goods;T06;;Ice Cream;ST;95
.1~124;124;C9;01;01;01/01;01/01/2021 00:00;1;1;03S;CC-T01;Milk;Trading Goods;T01;;Milk;ST;285
.1~123;123;C9;01;01;01/01;01/01/2021 00:00;1;1;03N;CC-T01;Milk;Trading Goods;T01;;Milk;ST;285
.1~122;122;C9;01;01;01/01;01/01/2021 00:00;1;1;03W;CC-T01;Milk;Trading Goods;T01;;Milk;ST;285
.1~81;81;B9;01;01;01/01;01/01/2021 00:00;1;1;03S;BB-T01;Milk;Trading Goods;T01;;Milk;ST;250
.1~80;80;B9;01;01;01/01;01/01/2021 00:00;1;1;03N;BB-T01;Milk;Trading Goods;T01;;Milk;ST;250
.1~79;79;B9;01;01;01/01;01/01/2021 00:00;1;1;03W;BB-T01;Milk;Trading Goods;T01;;Milk;ST;250
.1~186;186;D9;01;01;01/01;01/01/2021 00:00;1;1;03W;DD-T01;Milk;Trading Goods;T01;;Milk;ST;310
.1~185;185;D9;01;01;01/01;01/01/2021 00:00;1;1;03N;DD-T01;Milk;Trading Goods;T01;;Milk;ST;310
.1~184;184;D9;01;01;01/01;01/01/2021 00:00;1;1;03S;DD-T01;Milk;Trading Goods;T01;;Milk;ST;310
.1~3;3;A9;01;01;01/01;01/01/2021 00:00;1;1;03W;AA-T01;Milk;Trading Goods;T01;;Milk;ST;150
.1~2;2;A9;01;01;01/01;01/01/2021 00:00;1;1;03N;AA-T01;Milk;Trading Goods;T01;;Milk;ST;150
.1~1;1;A9;01;01;01/01;01/01/2021 00:00;1;1;03S;AA-T01;Milk;Trading Goods;T01;;Milk;ST;150
.1~130;130;C9;01;01;01/01;01/01/2021 00:00;1;1;03S;CC-T03;Yoghurt;Trading Goods;T03;;Yoghurt;ST;215
.1~129;129;C9;01;01;01/01;01/01/2021 00:00;1;1;03N;CC-T03;Yoghurt;Trading Goods;T03;;Yoghurt;ST;215
.1~8;8;A9;01;01;01/01;01/01/2021 00:00;1;1;03N;AA-T03;Yoghurt;Trading Goods;T03;;Yoghurt;ST;120
.1~7;7;A9;01;01;01/01;01/01/2021 00:00;1;1;03S;AA-T03;Yoghurt;Trading Goods;T03;;Yoghurt;ST;120
.1~9;9;A9;01;01;01/01;01/01/2021 00:00;1;1;03W;AA-T03;Yoghurt;Trading Goods;T03;;Yoghurt;ST;120
.1~192;192;D9;01;01;01/01;01/01/2021 00:00;1;1;03S;DD-T03;Yoghurt;Trading Goods;T03;;Yoghurt;ST;230
.1~191;191;D9;01;01;01/01;01/01/2021 00:00;1;1;03N;DD-T03;Yoghurt;Trading Goods;T03;;Yoghurt;ST;230
.1~190;190;D9;01;01;01/01;01/01/2021 00:00;1;1;03W;DD-T03;Yoghurt;Trading Goods;T03;;Yoghurt;ST;230
.1~87;87;B9;01;01;01/01;01/01/2021 00:00;1;1;03S;BB-T03;Yoghurt;Trading Goods;T03;;Yoghurt;ST;200
.1~86;86;B9;01;01;01/01;01/01/2021 00:00;1;1;03N;BB-T03;Yoghurt;Trading Goods;T03;;Yoghurt;ST;200
.1~85;85;B9;01;01;01/01;01/01/2021 00:00;1;1;03W;BB-T03;Yoghurt;Trading Goods;T03;;Yoghurt;ST;200
.1~128;128;C9;01;01;01/01;01/01/2021 00:00;1;1;03W;CC-T03;Yoghurt;Trading Goods;T03;;Yoghurt;ST;215
.1~136;136;C9;01;01;01/01;01/01/2021 00:00;1;1;03W;CC-T05;Butter;Trading Goods;T05;;Butter;ST;120
.1~134;134;C9;01;01;01/01;01/01/2021 00:00;1;1;03S;CC-T05;Butter;Trading Goods;T05;;Butter;ST;120
.1~135;135;C9;01;01;01/01;01/01/2021 00:00;1;1;03N;CC-T05;Butter;Trading Goods;T05;;Butter;ST;120
.1~93;93;B9;01;01;01/01;01/01/2021 00:00;1;1;03W;BB-T05;Butter;Trading Goods;T05;;Butter;ST;50
.1~196;196;D9;01;01;01/01;01/01/2021 00:00;1;1;03S;DD-T05;Butter;Trading Goods;T05;;Butter;ST;130
.1~197;197;D9;01;01;01/01;01/01/2021 00:00;1;1;03N;DD-T05;Butter;Trading Goods;T05;;Butter;ST;130
.1~198;198;D9;01;01;01/01;01/01/2021 00:00;1;1;03W;DD-T05;Butter;Trading Goods;T05;;Butter;ST;130
.1~15;15;A9;01;01;01/01;01/01/2021 00:00;1;1;03W;AA-T05;Butter;Trading Goods;T05;;Butter;ST;70
.1~14;14;A9;01;01;01/01;01/01/2021 00:00;1;1;03N;AA-T05;Butter;Trading Goods;T05;;Butter;ST;70
.1~13;13;A9;01;01;01/01;01/01/2021 00:00;1;1;03S;AA-T05;Butter;Trading Goods;T05;;Butter;ST;70
.1~92;92;B9;01;01;01/01;01/01/2021 00:00;1;1;03N;BB-T05;Butter;Trading Goods;T05;;Butter;ST;100
.1~91;91;B9;01;01;01/01;01/01/2021 00:00;1;1;03S;BB-T05;Butter;Trading Goods;T05;;Butter;ST;180
.1~193;193;D9;01;01;01/01;01/01/2021 00:00;1;1;03W;DD-T04;Cheese;Trading Goods;T04;;Cheese;ST;110
.1~194;194;D9;01;01;01/01;01/01/2021 00:00;1;1;03N;DD-T04;Cheese;Trading Goods;T04;;Cheese;ST;110
.1~195;195;D9;01;01;01/01;01/01/2021 00:00;1;1;03S;DD-T04;Cheese;Trading Goods;T04;;Cheese;ST;110
.1~12;12;A9;01;01;01/01;01/01/2021 00:00;1;1;03W;AA-T04;Cheese;Trading Goods;T04;;Cheese;ST;50
.1~11;11;A9;01;01;01/01;01/01/2021 00:00;1;1;03N;AA-T04;Cheese;Trading Goods;T04;;Cheese;ST;50
.1~10;10;A9;01;01;01/01;01/01/2021 00:00;1;1;03S;AA-T04;Cheese;Trading Goods;T04;;Cheese;ST;50
.1~90;90;B9;01;01;01/01;01/01/2021 00:00;1;1;03S;BB-T04;Cheese;Trading Goods;T04;;Cheese;ST;75
.1~89;89;B9;01;01;01/01;01/01/2021 00:00;1;1;03N;BB-T04;Cheese;Trading Goods;T04;;Cheese;ST;75
.1~88;88;B9;01;01;01/01;01/01/2021 00:00;1;1;03W;BB-T04;Cheese;Trading Goods;T04;;Cheese;ST;200
.1~131;131;C9;01;01;01/01;01/01/2021 00:00;1;1;03N;CC-T04;Cheese;Trading Goods;T04;;Cheese;ST;105
.1~132;132;C9;01;01;01/01;01/01/2021 00:00;1;1;03S;CC-T04;Cheese;Trading Goods;T04;;Cheese;ST;105
.1~133;133;C9;01;01;01/01;01/01/2021 00:00;1;1;03W;CC-T04;Cheese;Trading Goods;T04;;Cheese;ST;105
.1~100;100;B9;01;04;01/04;04/01/2021 00:00;1;4;03N;BB-T02;Cream;Trading Goods;T02;;Cream;ST;22
.1~171;171;C9;01;10;01/10;10/01/2021 00:00;2;10;03W;CC-T02;Cream;Trading Goods;T02;;Cream;ST;100
.1~170;170;C9;01;10;01/10;10/01/2021 00:00;2;10;03N;CC-T02;Cream;Trading Goods;T02;;Cream;ST;100
.1~105;105;B9;01;07;01/07;07/01/2021 00:00;2;7;03S;BB-T02;Cream;Trading Goods;T02;;Cream;ST;19
.1~169;169;C9;01;10;01/10;10/01/2021 00:00;2;10;03S;CC-T02;Cream;Trading Goods;T02;;Cream;ST;100
.1~24;24;A9;01;03;01/03;03/01/2021 00:00;1;3;03S;AA-T02;Cream;Trading Goods;T02;;Cream;ST;40
.1~143;143;C9;01;03;01/03;03/01/2021 00:00;1;3;03S;CC-T02;Cream;Trading Goods;T02;;Cream;ST;5
.1~144;144;C9;01;03;01/03;03/01/2021 00:00;1;3;03N;CC-T02;Cream;Trading Goods;T02;;Cream;ST;5
.1~145;145;C9;01;03;01/03;03/01/2021 00:00;1;3;03W;CC-T02;Cream;Trading Goods;T02;;Cream;ST;5
.1~23;23;A9;01;03;01/03;03/01/2021 00:00;1;3;03N;AA-T02;Cream;Trading Goods;T02;;Cream;ST;40
.1~110;110;B9;01;09;01/09;09/01/2021 00:00;2;9;03W;BB-T02;Cream;Trading Goods;T02;;Cream;ST;19
.1~22;22;A9;01;03;01/03;03/01/2021 00:00;1;3;03W;AA-T02;Cream;Trading Goods;T02;;Cream;ST;40
.1~66;66;A9;01;10;01/10;10/01/2021 00:00;2;10;03W;AA-T02;Cream;Trading Goods;T02;;Cream;ST;40
.1~65;65;A9;01;10;01/10;10/01/2021 00:00;2;10;03N;AA-T02;Cream;Trading Goods;T02;;Cream;ST;40
.1~48;48;A9;01;08;01/08;08/01/2021 00:00;2;8;03S;AA-T02;Cream;Trading Goods;T02;;Cream;ST;60
.1~64;64;A9;01;10;01/10;10/01/2021 00:00;2;10;03S;AA-T02;Cream;Trading Goods;T02;;Cream;ST;40
.1~47;47;A9;01;08;01/08;08/01/2021 00:00;2;8;03N;AA-T02;Cream;Trading Goods;T02;;Cream;ST;60
.1~46;46;A9;01;08;01/08;08/01/2021 00:00;2;8;03W;AA-T02;Cream;Trading Goods;T02;;Cream;ST;60
.1~35;35;A9;01;03;01/03;03/01/2021 00:00;1;3;03W;AA-T06;Ice Cream;Trading Goods;T06;;Ice Cream;ST;50
.1~34;34;A9;01;03;01/03;03/01/2021 00:00;1;3;03S;AA-T06;Ice Cream;Trading Goods;T06;;Ice Cream;ST;50
.1~183;183;C9;01;10;01/10;10/01/2021 00:00;2;10;03N;CC-T06;Ice Cream;Trading Goods;T06;;Ice Cream;ST;60
.1~182;182;C9;01;10;01/10;10/01/2021 00:00;2;10;03S;CC-T06;Ice Cream;Trading Goods;T06;;Ice Cream;ST;60
.1~181;181;C9;01;10;01/10;10/01/2021 00:00;2;10;03W;CC-T06;Ice Cream;Trading Goods;T06;;Ice Cream;ST;59
.1~165;165;C9;01;08;01/08;08/01/2021 00:00;2;8;03S;CC-T06;Ice Cream;Trading Goods;T06;;Ice Cream;ST;53
.1~164;164;C9;01;08;01/08;08/01/2021 00:00;2;8;03N;CC-T06;Ice Cream;Trading Goods;T06;;Ice Cream;ST;68
.1~155;155;C9;01;03;01/03;03/01/2021 00:00;1;3;03N;CC-T06;Ice Cream;Trading Goods;T06;;Ice Cream;ST;5
.1~156;156;C9;01;03;01/03;03/01/2021 00:00;1;3;03S;CC-T06;Ice Cream;Trading Goods;T06;;Ice Cream;ST;5
.1~157;157;C9;01;03;01/03;03/01/2021 00:00;1;3;03W;CC-T06;Ice Cream;Trading Goods;T06;;Ice Cream;ST;5
.1~77;77;A9;01;10;01/10;10/01/2021 00:00;2;10;03N;AA-T06;Ice Cream;Trading Goods;T06;;Ice Cream;ST;50
.1~76;76;A9;01;10;01/10;10/01/2021 00:00;2;10;03W;AA-T06;Ice Cream;Trading Goods;T06;;Ice Cream;ST;50
.1~78;78;A9;01;10;01/10;10/01/2021 00:00;2;10;03S;AA-T06;Ice Cream;Trading Goods;T06;;Ice Cream;ST;50
.1~36;36;A9;01;03;01/03;03/01/2021 00:00;1;3;03N;AA-T06;Ice Cream;Trading Goods;T06;;Ice Cream;ST;50
.1~119;119;B9;01;09;01/09;09/01/2021 00:00;2;9;03S;BB-T06;Ice Cream;Trading Goods;T06;;Ice Cream;ST;41
.1~120;120;B9;01;09;01/09;09/01/2021 00:00;2;9;03N;BB-T06;Ice Cream;Trading Goods;T06;;Ice Cream;ST;160
.1~121;121;B9;01;09;01/09;09/01/2021 00:00;2;9;03W;BB-T06;Ice Cream;Trading Goods;T06;;Ice Cream;ST;9
.1~60;60;A9;01;08;01/08;08/01/2021 00:00;2;8;03W;AA-T06;Ice Cream;Trading Goods;T06;;Ice Cream;ST;50
.1~59;59;A9;01;08;01/08;08/01/2021 00:00;2;8;03N;AA-T06;Ice Cream;Trading Goods;T06;;Ice Cream;ST;50
.1~58;58;A9;01;08;01/08;08/01/2021 00:00;2;8;03S;AA-T06;Ice Cream;Trading Goods;T06;;Ice Cream;ST;50
.1~158;158;C9;01;08;01/08;08/01/2021 00:00;2;8;03N;CC-T01;Milk;Trading Goods;T01;;Milk;ST;285
.1~142;142;C9;01;03;01/03;03/01/2021 00:00;1;3;03W;CC-T01;Milk;Trading Goods;T01;;Milk;ST;31
.1~141;141;C9;01;03;01/03;03/01/2021 00:00;1;3;03N;CC-T01;Milk;Trading Goods;T01;;Milk;ST;32
.1~140;140;C9;01;03;01/03;03/01/2021 00:00;1;3;03S;CC-T01;Milk;Trading Goods;T01;;Milk;ST;32
.1~109;109;B9;01;09;01/09;09/01/2021 00:00;2;9;03W;BB-T01;Milk;Trading Goods;T01;;Milk;ST;220
.1~108;108;B9;01;09;01/09;09/01/2021 00:00;2;9;03N;BB-T01;Milk;Trading Goods;T01;;Milk;ST;400
.1~107;107;B9;01;09;01/09;09/01/2021 00:00;2;9;03S;BB-T01;Milk;Trading Goods;T01;;Milk;ST;40
.1~99;99;B9;01;04;01/04;04/01/2021 00:00;1;4;03S;BB-T01;Milk;Trading Goods;T01;;Milk;ST;17
.1~98;98;B9;01;04;01/04;04/01/2021 00:00;1;4;03N;BB-T01;Milk;Trading Goods;T01;;Milk;ST;163
.1~97;97;B9;01;04;01/04;04/01/2021 00:00;1;4;03W;BB-T01;Milk;Trading Goods;T01;;Milk;ST;20
.1~63;63;A9;01;10;01/10;10/01/2021 00:00;2;10;03W;AA-T01;Milk;Trading Goods;T01;;Milk;ST;150
.1~62;62;A9;01;10;01/10;10/01/2021 00:00;2;10;03N;AA-T01;Milk;Trading Goods;T01;;Milk;ST;150
.1~61;61;A9;01;10;01/10;10/01/2021 00:00;2;10;03S;AA-T01;Milk;Trading Goods;T01;;Milk;ST;150
.1~45;45;A9;01;08;01/08;08/01/2021 00:00;2;8;03W;AA-T01;Milk;Trading Goods;T01;;Milk;ST;150
.1~44;44;A9;01;08;01/08;08/01/2021 00:00;2;8;03N;AA-T01;Milk;Trading Goods;T01;;Milk;ST;150
.1~204;204;D9;01;06;01/06;06/01/2021 00:00;2;6;03S;DD-T01;Milk;Trading Goods;T01;;Milk;ST;3
.1~203;203;D9;01;06;01/06;06/01/2021 00:00;2;6;03N;DD-T01;Milk;Trading Goods;T01;;Milk;ST;16
.1~202;202;D9;01;06;01/06;06/01/2021 00:00;2;6;03W;DD-T01;Milk;Trading Goods;T01;;Milk;ST;1
.1~168;168;C9;01;10;01/10;10/01/2021 00:00;2;10;03S;CC-T01;Milk;Trading Goods;T01;;Milk;ST;153
.1~167;167;C9;01;10;01/10;10/01/2021 00:00;2;10;03N;CC-T01;Milk;Trading Goods;T01;;Milk;ST;153
.1~166;166;C9;01;10;01/10;10/01/2021 00:00;2;10;03W;CC-T01;Milk;Trading Goods;T01;;Milk;ST;152
.1~159;159;C9;01;08;01/08;08/01/2021 00:00;2;8;03W;CC-T01;Milk;Trading Goods;T01;;Milk;ST;207
.1~38;38;A9;01;05;01/05;05/01/2021 00:00;1;5;03N;AA-T01;Milk;Trading Goods;T01;;Milk;ST;17
.1~37;37;A9;01;05;01/05;05/01/2021 00:00;1;5;03W;AA-T01;Milk;Trading Goods;T01;;Milk;ST;16
.1~39;39;A9;01;05;01/05;05/01/2021 00:00;1;5;03S;AA-T01;Milk;Trading Goods;T01;;Milk;ST;17
.1~19;19;A9;01;03;01/03;03/01/2021 00:00;1;3;03S;AA-T01;Milk;Trading Goods;T01;;Milk;ST;150
.1~20;20;A9;01;03;01/03;03/01/2021 00:00;1;3;03W;AA-T01;Milk;Trading Goods;T01;;Milk;ST;150
.1~21;21;A9;01;03;01/03;03/01/2021 00:00;1;3;03N;AA-T01;Milk;Trading Goods;T01;;Milk;ST;150
.1~43;43;A9;01;08;01/08;08/01/2021 00:00;2;8;03S;AA-T01;Milk;Trading Goods;T01;;Milk;ST;150
.1~160;160;C9;01;08;01/08;08/01/2021 00:00;2;8;03S;CC-T03;Yoghurt;Trading Goods;T03;;Yoghurt;ST;215
.1~148;148;C9;01;03;01/03;03/01/2021 00:00;1;3;03S;CC-T03;Yoghurt;Trading Goods;T03;;Yoghurt;ST;18
.1~147;147;C9;01;03;01/03;03/01/2021 00:00;1;3;03N;CC-T03;Yoghurt;Trading Goods;T03;;Yoghurt;ST;19
.1~146;146;C9;01;03;01/03;03/01/2021 00:00;1;3;03W;CC-T03;Yoghurt;Trading Goods;T03;;Yoghurt;ST;18
.1~25;25;A9;01;03;01/03;03/01/2021 00:00;1;3;03W;AA-T03;Yoghurt;Trading Goods;T03;;Yoghurt;ST;113
.1~26;26;A9;01;03;01/03;03/01/2021 00:00;1;3;03N;AA-T03;Yoghurt;Trading Goods;T03;;Yoghurt;ST;114
.1~206;206;D9;01;06;01/06;06/01/2021 00:00;2;6;03S;DD-T03;Yoghurt;Trading Goods;T03;;Yoghurt;ST;5
.1~205;205;D9;01;06;01/06;06/01/2021 00:00;2;6;03N;DD-T03;Yoghurt;Trading Goods;T03;;Yoghurt;ST;5
.1~174;174;C9;01;10;01/10;10/01/2021 00:00;2;10;03N;CC-T03;Yoghurt;Trading Goods;T03;;Yoghurt;ST;162
.1~173;173;C9;01;10;01/10;10/01/2021 00:00;2;10;03W;CC-T03;Yoghurt;Trading Goods;T03;;Yoghurt;ST;161
.1~172;172;C9;01;10;01/10;10/01/2021 00:00;2;10;03S;CC-T03;Yoghurt;Trading Goods;T03;;Yoghurt;ST;162
.1~101;101;B9;01;04;01/04;04/01/2021 00:00;1;4;03N;BB-T03;Yoghurt;Trading Goods;T03;;Yoghurt;ST;71
.1~102;102;B9;01;04;01/04;04/01/2021 00:00;1;4;03S;BB-T03;Yoghurt;Trading Goods;T03;;Yoghurt;ST;29
.1~111;111;B9;01;09;01/09;09/01/2021 00:00;2;9;03S;BB-T03;Yoghurt;Trading Goods;T03;;Yoghurt;ST;149
.1~112;112;B9;01;09;01/09;09/01/2021 00:00;2;9;03N;BB-T03;Yoghurt;Trading Goods;T03;;Yoghurt;ST;200
.1~113;113;B9;01;09;01/09;09/01/2021 00:00;2;9;03W;BB-T03;Yoghurt;Trading Goods;T03;;Yoghurt;ST;191
.1~69;69;A9;01;10;01/10;10/01/2021 00:00;2;10;03W;AA-T03;Yoghurt;Trading Goods;T03;;Yoghurt;ST;113
.1~68;68;A9;01;10;01/10;10/01/2021 00:00;2;10;03N;AA-T03;Yoghurt;Trading Goods;T03;;Yoghurt;ST;114
.1~67;67;A9;01;10;01/10;10/01/2021 00:00;2;10;03S;AA-T03;Yoghurt;Trading Goods;T03;;Yoghurt;ST;113
.1~27;27;A9;01;03;01/03;03/01/2021 00:00;1;3;03S;AA-T03;Yoghurt;Trading Goods;T03;;Yoghurt;ST;113
.1~49;49;A9;01;08;01/08;08/01/2021 00:00;2;8;03W;AA-T03;Yoghurt;Trading Goods;T03;;Yoghurt;ST;120
.1~50;50;A9;01;08;01/08;08/01/2021 00:00;2;8;03N;AA-T03;Yoghurt;Trading Goods;T03;;Yoghurt;ST;120
.1~51;51;A9;01;08;01/08;08/01/2021 00:00;2;8;03S;AA-T03;Yoghurt;Trading Goods;T03;;Yoghurt;ST;120
.1~154;154;C9;01;03;01/03;03/01/2021 00:00;1;3;03S;CC-T05;Butter;Trading Goods;T05;;Butter;ST;13
.1~153;153;C9;01;03;01/03;03/01/2021 00:00;1;3;03N;CC-T05;Butter;Trading Goods;T05;;Butter;ST;14
.1~152;152;C9;01;03;01/03;03/01/2021 00:00;1;3;03W;CC-T05;Butter;Trading Goods;T05;;Butter;ST;13
.1~75;75;A9;01;10;01/10;10/01/2021 00:00;2;10;03S;AA-T05;Butter;Trading Goods;T05;;Butter;ST;63
.1~74;74;A9;01;10;01/10;10/01/2021 00:00;2;10;03N;AA-T05;Butter;Trading Goods;T05;;Butter;ST;64
.1~73;73;A9;01;10;01/10;10/01/2021 00:00;2;10;03W;AA-T05;Butter;Trading Goods;T05;;Butter;ST;63
.1~55;55;A9;01;08;01/08;08/01/2021 00:00;2;8;03W;AA-T05;Butter;Trading Goods;T05;;Butter;ST;70
.1~56;56;A9;01;08;01/08;08/01/2021 00:00;2;8;03N;AA-T05;Butter;Trading Goods;T05;;Butter;ST;70
.1~57;57;A9;01;08;01/08;08/01/2021 00:00;2;8;03S;AA-T05;Butter;Trading Goods;T05;;Butter;ST;70
.1~117;117;B9;01;09;01/09;09/01/2021 00:00;2;9;03N;BB-T05;Butter;Trading Goods;T05;;Butter;ST;27
.1~118;118;B9;01;09;01/09;09/01/2021 00:00;2;9;03S;BB-T05;Butter;Trading Goods;T05;;Butter;ST;137
.1~33;33;A9;01;03;01/03;03/01/2021 00:00;1;3;03N;AA-T05;Butter;Trading Goods;T05;;Butter;ST;64
.1~103;103;B9;01;04;01/04;04/01/2021 00:00;1;4;03N;BB-T05;Butter;Trading Goods;T05;;Butter;ST;24
.1~104;104;B9;01;04;01/04;04/01/2021 00:00;1;4;03S;BB-T05;Butter;Trading Goods;T05;;Butter;ST;45
.1~106;106;B9;01;07;01/07;07/01/2021 00:00;2;7;03N;BB-T05;Butter;Trading Goods;T05;;Butter;ST;1
.1~178;178;C9;01;10;01/10;10/01/2021 00:00;2;10;03S;CC-T05;Butter;Trading Goods;T05;;Butter;ST;118
.1~179;179;C9;01;10;01/10;10/01/2021 00:00;2;10;03N;CC-T05;Butter;Trading Goods;T05;;Butter;ST;119
.1~180;180;C9;01;10;01/10;10/01/2021 00:00;2;10;03W;CC-T05;Butter;Trading Goods;T05;;Butter;ST;118
.1~32;32;A9;01;03;01/03;03/01/2021 00:00;1;3;03S;AA-T05;Butter;Trading Goods;T05;;Butter;ST;63
.1~31;31;A9;01;03;01/03;03/01/2021 00:00;1;3;03W;AA-T05;Butter;Trading Goods;T05;;Butter;ST;63
.1~162;162;C9;01;08;01/08;08/01/2021 00:00;2;8;03N;CC-T05;Butter;Trading Goods;T05;;Butter;ST;34
.1~163;163;C9;01;08;01/08;08/01/2021 00:00;2;8;03S;CC-T05;Butter;Trading Goods;T05;;Butter;ST;11
.1~207;207;D9;01;06;01/06;06/01/2021 00:00;2;6;03N;DD-T05;Butter;Trading Goods;T05;;Butter;ST;7
.1~208;208;D9;01;06;01/06;06/01/2021 00:00;2;6;03S;DD-T05;Butter;Trading Goods;T05;;Butter;ST;3
.1~41;41;A9;01;05;01/05;05/01/2021 00:00;1;5;03N;AA-T04;Cheese;Trading Goods;T04;;Cheese;ST;17
.1~175;175;C9;01;10;01/10;10/01/2021 00:00;2;10;03W;CC-T04;Cheese;Trading Goods;T04;;Cheese;ST;105
.1~176;176;C9;01;10;01/10;10/01/2021 00:00;2;10;03N;CC-T04;Cheese;Trading Goods;T04;;Cheese;ST;105
.1~177;177;C9;01;10;01/10;10/01/2021 00:00;2;10;03S;CC-T04;Cheese;Trading Goods;T04;;Cheese;ST;105
.1~42;42;A9;01;05;01/05;05/01/2021 00:00;1;5;03S;AA-T04;Cheese;Trading Goods;T04;;Cheese;ST;17
.1~40;40;A9;01;05;01/05;05/01/2021 00:00;1;5;03W;AA-T04;Cheese;Trading Goods;T04;;Cheese;ST;16
.1~52;52;A9;01;08;01/08;08/01/2021 00:00;2;8;03W;AA-T04;Cheese;Trading Goods;T04;;Cheese;ST;50
.1~53;53;A9;01;08;01/08;08/01/2021 00:00;2;8;03N;AA-T04;Cheese;Trading Goods;T04;;Cheese;ST;50
.1~72;72;A9;01;10;01/10;10/01/2021 00:00;2;10;03W;AA-T04;Cheese;Trading Goods;T04;;Cheese;ST;50
.1~71;71;A9;01;10;01/10;10/01/2021 00:00;2;10;03N;AA-T04;Cheese;Trading Goods;T04;;Cheese;ST;50
.1~70;70;A9;01;10;01/10;10/01/2021 00:00;2;10;03S;AA-T04;Cheese;Trading Goods;T04;;Cheese;ST;50
.1~54;54;A9;01;08;01/08;08/01/2021 00:00;2;8;03S;AA-T04;Cheese;Trading Goods;T04;;Cheese;ST;50
.1~161;161;C9;01;08;01/08;08/01/2021 00:00;2;8;03W;CC-T04;Cheese;Trading Goods;T04;;Cheese;ST;11
.1~151;151;C9;01;03;01/03;03/01/2021 00:00;1;3;03W;CC-T04;Cheese;Trading Goods;T04;;Cheese;ST;11
.1~150;150;C9;01;03;01/03;03/01/2021 00:00;1;3;03N;CC-T04;Cheese;Trading Goods;T04;;Cheese;ST;12
.1~149;149;C9;01;03;01/03;03/01/2021 00:00;1;3;03S;CC-T04;Cheese;Trading Goods;T04;;Cheese;ST;12
.1~114;114;B9;01;09;01/09;09/01/2021 00:00;2;9;03S;BB-T04;Cheese;Trading Goods;T04;;Cheese;ST;23
.1~115;115;B9;01;09;01/09;09/01/2021 00:00;2;9;03N;BB-T04;Cheese;Trading Goods;T04;;Cheese;ST;34
.1~116;116;B9;01;09;01/09;09/01/2021 00:00;2;9;03W;BB-T04;Cheese;Trading Goods;T04;;Cheese;ST;76
.1~30;30;A9;01;03;01/03;03/01/2021 00:00;1;3;03S;AA-T04;Cheese;Trading Goods;T04;;Cheese;ST;50
.1~29;29;A9;01;03;01/03;03/01/2021 00:00;1;3;03N;AA-T04;Cheese;Trading Goods;T04;;Cheese;ST;50
.1~28;28;A9;01;03;01/03;03/01/2021 00:00;1;3;03W;AA-T04;Cheese;Trading Goods;T04;;Cheese;ST;50
.1~214;214;E9;01;04;01/04;04/01/2021 00:00;1;4;03S;EE-T02;Cream;Trading Goods;T02;;Cream;ST;21
.1~213;213;E9;01;04;01/04;04/01/2021 00:00;1;4;03N;EE-T02;Cream;Trading Goods;T02;;Cream;ST;14
.1~212;212;E9;01;04;01/04;04/01/2021 00:00;1;4;03W;EE-T02;Cream;Trading Goods;T02;;Cream;ST;9
.1~248;248;E9;01;06;01/06;06/01/2021 00:00;2;6;03S;EE-T02;Cream;Trading Goods;T02;;Cream;ST;21
.1~268;268;E9;01;07;01/07;07/01/2021 00:00;2;7;03W;EE-T02;Cream;Trading Goods;T02;;Cream;ST;18
.1~267;267;E9;01;07;01/07;07/01/2021 00:00;2;7;03N;EE-T02;Cream;Trading Goods;T02;;Cream;ST;28
.1~249;249;E9;01;06;01/06;06/01/2021 00:00;2;6;03N;EE-T02;Cream;Trading Goods;T02;;Cream;ST;14
.1~250;250;E9;01;06;01/06;06/01/2021 00:00;2;6;03W;EE-T02;Cream;Trading Goods;T02;;Cream;ST;9
.1~266;266;E9;01;07;01/07;07/01/2021 00:00;2;7;03S;EE-T02;Cream;Trading Goods;T02;;Cream;ST;42
.1~232;232;E9;01;05;01/05;05/01/2021 00:00;1;5;03W;EE-T02;Cream;Trading Goods;T02;;Cream;ST;9
.1~231;231;E9;01;05;01/05;05/01/2021 00:00;1;5;03N;EE-T02;Cream;Trading Goods;T02;;Cream;ST;14
.1~230;230;E9;01;05;01/05;05/01/2021 00:00;1;5;03S;EE-T02;Cream;Trading Goods;T02;;Cream;ST;21
.1~260;260;E9;01;06;01/06;06/01/2021 00:00;2;6;03W;EE-T06;Ice Cream;Trading Goods;T06;;Ice Cream;ST;12
.1~261;261;E9;01;06;01/06;06/01/2021 00:00;2;6;03N;EE-T06;Ice Cream;Trading Goods;T06;;Ice Cream;ST;28
.1~262;262;E9;01;06;01/06;06/01/2021 00:00;2;6;03S;EE-T06;Ice Cream;Trading Goods;T06;;Ice Cream;ST;22
.1~275;275;E9;01;07;01/07;07/01/2021 00:00;2;7;03S;EE-T06;Ice Cream;Trading Goods;T06;;Ice Cream;ST;40
.1~276;276;E9;01;07;01/07;07/01/2021 00:00;2;7;03N;EE-T06;Ice Cream;Trading Goods;T06;;Ice Cream;ST;52
.1~277;277;E9;01;07;01/07;07/01/2021 00:00;2;7;03W;EE-T06;Ice Cream;Trading Goods;T06;;Ice Cream;ST;22
.1~226;226;E9;01;04;01/04;04/01/2021 00:00;1;4;03W;EE-T06;Ice Cream;Trading Goods;T06;;Ice Cream;ST;12
.1~225;225;E9;01;04;01/04;04/01/2021 00:00;1;4;03N;EE-T06;Ice Cream;Trading Goods;T06;;Ice Cream;ST;28
.1~224;224;E9;01;04;01/04;04/01/2021 00:00;1;4;03S;EE-T06;Ice Cream;Trading Goods;T06;;Ice Cream;ST;22
.1~242;242;E9;01;05;01/05;05/01/2021 00:00;1;5;03S;EE-T06;Ice Cream;Trading Goods;T06;;Ice Cream;ST;22
.1~243;243;E9;01;05;01/05;05/01/2021 00:00;1;5;03N;EE-T06;Ice Cream;Trading Goods;T06;;Ice Cream;ST;28
.1~244;244;E9;01;05;01/05;05/01/2021 00:00;1;5;03W;EE-T06;Ice Cream;Trading Goods;T06;;Ice Cream;ST;12
.1~265;265;E9;01;07;01/07;07/01/2021 00:00;2;7;03W;EE-T01;Milk;Trading Goods;T01;;Milk;ST;60
.1~264;264;E9;01;07;01/07;07/01/2021 00:00;2;7;03N;EE-T01;Milk;Trading Goods;T01;;Milk;ST;156
.1~263;263;E9;01;07;01/07;07/01/2021 00:00;2;7;03S;EE-T01;Milk;Trading Goods;T01;;Milk;ST;28
.1~247;247;E9;01;06;01/06;06/01/2021 00:00;2;6;03W;EE-T01;Milk;Trading Goods;T01;;Milk;ST;30
.1~246;246;E9;01;06;01/06;06/01/2021 00:00;2;6;03N;EE-T01;Milk;Trading Goods;T01;;Milk;ST;73
.1~245;245;E9;01;06;01/06;06/01/2021 00:00;2;6;03S;EE-T01;Milk;Trading Goods;T01;;Milk;ST;14
.1~229;229;E9;01;05;01/05;05/01/2021 00:00;1;5;03S;EE-T01;Milk;Trading Goods;T01;;Milk;ST;14
.1~228;228;E9;01;05;01/05;05/01/2021 00:00;1;5;03N;EE-T01;Milk;Trading Goods;T01;;Milk;ST;73
.1~227;227;E9;01;05;01/05;05/01/2021 00:00;1;5;03W;EE-T01;Milk;Trading Goods;T01;;Milk;ST;30
.1~211;211;E9;01;04;01/04;04/01/2021 00:00;1;4;03S;EE-T01;Milk;Trading Goods;T01;;Milk;ST;14
.1~210;210;E9;01;04;01/04;04/01/2021 00:00;1;4;03N;EE-T01;Milk;Trading Goods;T01;;Milk;ST;73
.1~209;209;E9;01;04;01/04;04/01/2021 00:00;1;4;03W;EE-T01;Milk;Trading Goods;T01;;Milk;ST;30
.1~253;253;E9;01;06;01/06;06/01/2021 00:00;2;6;03W;EE-T03;Yoghurt;Trading Goods;T03;;Yoghurt;ST;11
.1~269;269;E9;01;07;01/07;07/01/2021 00:00;2;7;03W;EE-T03;Yoghurt;Trading Goods;T03;;Yoghurt;ST;22
.1~270;270;E9;01;07;01/07;07/01/2021 00:00;2;7;03N;EE-T03;Yoghurt;Trading Goods;T03;;Yoghurt;ST;34
.1~271;271;E9;01;07;01/07;07/01/2021 00:00;2;7;03S;EE-T03;Yoghurt;Trading Goods;T03;;Yoghurt;ST;120
.1~278;278;E9;01;09;01/09;09/01/2021 00:00;2;9;03S;EE-T03;Yoghurt;Trading Goods;T03;;Yoghurt;ST;9
.1~233;233;E9;01;05;01/05;05/01/2021 00:00;1;5;03S;EE-T03;Yoghurt;Trading Goods;T03;;Yoghurt;ST;60
.1~217;217;E9;01;04;01/04;04/01/2021 00:00;1;4;03W;EE-T03;Yoghurt;Trading Goods;T03;;Yoghurt;ST;11
.1~216;216;E9;01;04;01/04;04/01/2021 00:00;1;4;03N;EE-T03;Yoghurt;Trading Goods;T03;;Yoghurt;ST;17
.1~215;215;E9;01;04;01/04;04/01/2021 00:00;1;4;03S;EE-T03;Yoghurt;Trading Goods;T03;;Yoghurt;ST;60
.1~234;234;E9;01;05;01/05;05/01/2021 00:00;1;5;03N;EE-T03;Yoghurt;Trading Goods;T03;;Yoghurt;ST;17
.1~235;235;E9;01;05;01/05;05/01/2021 00:00;1;5;03W;EE-T03;Yoghurt;Trading Goods;T03;;Yoghurt;ST;11
.1~251;251;E9;01;06;01/06;06/01/2021 00:00;2;6;03S;EE-T03;Yoghurt;Trading Goods;T03;;Yoghurt;ST;60
.1~252;252;E9;01;06;01/06;06/01/2021 00:00;2;6;03N;EE-T03;Yoghurt;Trading Goods;T03;;Yoghurt;ST;17
.1~274;274;E9;01;07;01/07;07/01/2021 00:00;2;7;03W;EE-T05;Butter;Trading Goods;T05;;Butter;ST;10
.1~221;221;E9;01;04;01/04;04/01/2021 00:00;1;4;03S;EE-T05;Butter;Trading Goods;T05;;Butter;ST;54
.1~222;222;E9;01;04;01/04;04/01/2021 00:00;1;4;03N;EE-T05;Butter;Trading Goods;T05;;Butter;ST;30
.1~223;223;E9;01;04;01/04;04/01/2021 00:00;1;4;03W;EE-T05;Butter;Trading Goods;T05;;Butter;ST;8
.1~273;273;E9;01;07;01/07;07/01/2021 00:00;2;7;03N;EE-T05;Butter;Trading Goods;T05;;Butter;ST;41
.1~272;272;E9;01;07;01/07;07/01/2021 00:00;2;7;03S;EE-T05;Butter;Trading Goods;T05;;Butter;ST;73
.1~239;239;E9;01;05;01/05;05/01/2021 00:00;1;5;03S;EE-T05;Butter;Trading Goods;T05;;Butter;ST;54
.1~240;240;E9;01;05;01/05;05/01/2021 00:00;1;5;03N;EE-T05;Butter;Trading Goods;T05;;Butter;ST;30
.1~241;241;E9;01;05;01/05;05/01/2021 00:00;1;5;03W;EE-T05;Butter;Trading Goods;T05;;Butter;ST;8
.1~257;257;E9;01;06;01/06;06/01/2021 00:00;2;6;03S;EE-T05;Butter;Trading Goods;T05;;Butter;ST;54
.1~258;258;E9;01;06;01/06;06/01/2021 00:00;2;6;03N;EE-T05;Butter;Trading Goods;T05;;Butter;ST;30
.1~259;259;E9;01;06;01/06;06/01/2021 00:00;2;6;03W;EE-T05;Butter;Trading Goods;T05;;Butter;ST;8
.1~254;254;E9;01;06;01/06;06/01/2021 00:00;2;6;03S;EE-T04;Cheese;Trading Goods;T04;;Cheese;ST;7
.1~255;255;E9;01;06;01/06;06/01/2021 00:00;2;6;03N;EE-T04;Cheese;Trading Goods;T04;;Cheese;ST;12
.1~256;256;E9;01;06;01/06;06/01/2021 00:00;2;6;03W;EE-T04;Cheese;Trading Goods;T04;;Cheese;ST;49
.1~218;218;E9;01;04;01/04;04/01/2021 00:00;1;4;03S;EE-T04;Cheese;Trading Goods;T04;;Cheese;ST;16
.1~219;219;E9;01;04;01/04;04/01/2021 00:00;1;4;03N;EE-T04;Cheese;Trading Goods;T04;;Cheese;ST;23
.1~220;220;E9;01;04;01/04;04/01/2021 00:00;1;4;03W;EE-T04;Cheese;Trading Goods;T04;;Cheese;ST;102
.1~236;236;E9;01;05;01/05;05/01/2021 00:00;1;5;03W;EE-T04;Cheese;Trading Goods;T04;;Cheese;ST;102
.1~237;237;E9;01;05;01/05;05/01/2021 00:00;1;5;03N;EE-T04;Cheese;Trading Goods;T04;;Cheese;ST;23
.1~238;238;E9;01;05;01/05;05/01/2021 00:00;1;5;03S;EE-T04;Cheese;Trading Goods;T04;;Cheese;ST;16
