ID;ROW_NUMBER;PURCHASING_ORGANIZATION;SIM_ROUND;SIM_STEP;SIM_DATE;SIM_CALENDAR_DATE;SIM_PERIOD;SIM_ELAPSED_STEPS;MATERIAL_NUMBER;MATERIAL_DESCRIPTION;MATERIAL_TYPE;VENDOR_CODE;VENDOR_NAME;NET_PRICE;CURRENCY
.1~1;1;A9;01;01;01/01;01/01/2021 00:00;1;1;AA-T01;Milk;Trading Goods;V04;Dairy Cooperative;22,95;EUR
.1~2;2;A9;01;01;01/01;01/01/2021 00:00;1;1;AA-T02;Cream;Trading Goods;V04;Dairy Cooperative;72,07;EUR
.1~3;3;A9;01;01;01/01;01/01/2021 00:00;1;1;AA-T03;Yoghurt;Trading Goods;V04;Dairy Cooperative;25,85;EUR
.1~4;4;A9;01;01;01/01;01/01/2021 00:00;1;1;AA-T04;Cheese;Trading Goods;V04;Dairy Cooperative;82,68;EUR
.1~5;5;A9;01;01;01/01;01/01/2021 00:00;1;1;AA-T05;Butter;Trading Goods;V04;Dairy Cooperative;59,88;EUR
.1~6;6;A9;01;01;01/01;01/01/2021 00:00;1;1;AA-T06;Ice Cream;Trading Goods;V04;Dairy Cooperative;43,15;EUR
.1~7;7;A9;01;02;01/02;02/01/2021 00:00;1;2;AA-T01;Milk;Trading Goods;V04;Dairy Cooperative;22,95;EUR
.1~8;8;A9;01;02;01/02;02/01/2021 00:00;1;2;AA-T02;Cream;Trading Goods;V04;Dairy Cooperative;72,07;EUR
.1~9;9;A9;01;02;01/02;02/01/2021 00:00;1;2;AA-T03;Yoghurt;Trading Goods;V04;Dairy Cooperative;25,85;EUR
.1~10;10;A9;01;02;01/02;02/01/2021 00:00;1;2;AA-T04;Cheese;Trading Goods;V04;Dairy Cooperative;82,68;EUR
.1~11;11;A9;01;02;01/02;02/01/2021 00:00;1;2;AA-T05;Butter;Trading Goods;V04;Dairy Cooperative;59,88;EUR
.1~12;12;A9;01;02;01/02;02/01/2021 00:00;1;2;AA-T06;Ice Cream;Trading Goods;V04;Dairy Cooperative;43,15;EUR
.1~13;13;A9;01;03;01/03;03/01/2021 00:00;1;3;AA-T01;Milk;Trading Goods;V04;Dairy Cooperative;22,95;EUR
.1~14;14;A9;01;03;01/03;03/01/2021 00:00;1;3;AA-T02;Cream;Trading Goods;V04;Dairy Cooperative;72,07;EUR
.1~15;15;A9;01;03;01/03;03/01/2021 00:00;1;3;AA-T03;Yoghurt;Trading Goods;V04;Dairy Cooperative;25,85;EUR
.1~16;16;A9;01;03;01/03;03/01/2021 00:00;1;3;AA-T04;Cheese;Trading Goods;V04;Dairy Cooperative;82,68;EUR
.1~17;17;A9;01;03;01/03;03/01/2021 00:00;1;3;AA-T05;Butter;Trading Goods;V04;Dairy Cooperative;59,88;EUR
.1~18;18;A9;01;03;01/03;03/01/2021 00:00;1;3;AA-T06;Ice Cream;Trading Goods;V04;Dairy Cooperative;43,15;EUR
.1~19;19;A9;01;04;01/04;04/01/2021 00:00;1;4;AA-T01;Milk;Trading Goods;V04;Dairy Cooperative;22,95;EUR
.1~20;20;A9;01;04;01/04;04/01/2021 00:00;1;4;AA-T02;Cream;Trading Goods;V04;Dairy Cooperative;72,07;EUR
.1~21;21;A9;01;04;01/04;04/01/2021 00:00;1;4;AA-T03;Yoghurt;Trading Goods;V04;Dairy Cooperative;25,85;EUR
.1~22;22;A9;01;04;01/04;04/01/2021 00:00;1;4;AA-T04;Cheese;Trading Goods;V04;Dairy Cooperative;82,68;EUR
.1~23;23;A9;01;04;01/04;04/01/2021 00:00;1;4;AA-T05;Butter;Trading Goods;V04;Dairy Cooperative;59,88;EUR
.1~24;24;A9;01;04;01/04;04/01/2021 00:00;1;4;AA-T06;Ice Cream;Trading Goods;V04;Dairy Cooperative;43,15;EUR
.1~25;25;A9;01;05;01/05;05/01/2021 00:00;1;5;AA-T01;Milk;Trading Goods;V04;Dairy Cooperative;22,95;EUR
.1~26;26;A9;01;05;01/05;05/01/2021 00:00;1;5;AA-T02;Cream;Trading Goods;V04;Dairy Cooperative;72,07;EUR
.1~27;27;A9;01;05;01/05;05/01/2021 00:00;1;5;AA-T03;Yoghurt;Trading Goods;V04;Dairy Cooperative;25,85;EUR
.1~28;28;A9;01;05;01/05;05/01/2021 00:00;1;5;AA-T04;Cheese;Trading Goods;V04;Dairy Cooperative;82,68;EUR
.1~29;29;A9;01;05;01/05;05/01/2021 00:00;1;5;AA-T05;Butter;Trading Goods;V04;Dairy Cooperative;59,88;EUR
.1~30;30;A9;01;05;01/05;05/01/2021 00:00;1;5;AA-T06;Ice Cream;Trading Goods;V04;Dairy Cooperative;43,15;EUR
.1~31;31;A9;01;06;01/06;06/01/2021 00:00;2;6;AA-T01;Milk;Trading Goods;V04;Dairy Cooperative;22,95;EUR
.1~32;32;A9;01;06;01/06;06/01/2021 00:00;2;6;AA-T02;Cream;Trading Goods;V04;Dairy Cooperative;72,07;EUR
.1~33;33;A9;01;06;01/06;06/01/2021 00:00;2;6;AA-T03;Yoghurt;Trading Goods;V04;Dairy Cooperative;25,85;EUR
.1~34;34;A9;01;06;01/06;06/01/2021 00:00;2;6;AA-T04;Cheese;Trading Goods;V04;Dairy Cooperative;82,68;EUR
.1~35;35;A9;01;06;01/06;06/01/2021 00:00;2;6;AA-T05;Butter;Trading Goods;V04;Dairy Cooperative;59,88;EUR
.1~36;36;A9;01;06;01/06;06/01/2021 00:00;2;6;AA-T06;Ice Cream;Trading Goods;V04;Dairy Cooperative;43,15;EUR
.1~37;37;A9;01;07;01/07;07/01/2021 00:00;2;7;AA-T01;Milk;Trading Goods;V04;Dairy Cooperative;22,95;EUR
.1~38;38;A9;01;07;01/07;07/01/2021 00:00;2;7;AA-T02;Cream;Trading Goods;V04;Dairy Cooperative;72,07;EUR
.1~39;39;A9;01;07;01/07;07/01/2021 00:00;2;7;AA-T03;Yoghurt;Trading Goods;V04;Dairy Cooperative;25,85;EUR
.1~40;40;A9;01;07;01/07;07/01/2021 00:00;2;7;AA-T04;Cheese;Trading Goods;V04;Dairy Cooperative;82,68;EUR
.1~41;41;A9;01;07;01/07;07/01/2021 00:00;2;7;AA-T05;Butter;Trading Goods;V04;Dairy Cooperative;59,88;EUR
.1~42;42;A9;01;07;01/07;07/01/2021 00:00;2;7;AA-T06;Ice Cream;Trading Goods;V04;Dairy Cooperative;43,15;EUR
.1~43;43;A9;01;08;01/08;08/01/2021 00:00;2;8;AA-T01;Milk;Trading Goods;V04;Dairy Cooperative;22,95;EUR
.1~44;44;A9;01;08;01/08;08/01/2021 00:00;2;8;AA-T02;Cream;Trading Goods;V04;Dairy Cooperative;72,07;EUR
.1~45;45;A9;01;08;01/08;08/01/2021 00:00;2;8;AA-T03;Yoghurt;Trading Goods;V04;Dairy Cooperative;25,85;EUR
.1~46;46;A9;01;08;01/08;08/01/2021 00:00;2;8;AA-T04;Cheese;Trading Goods;V04;Dairy Cooperative;82,68;EUR
.1~47;47;A9;01;08;01/08;08/01/2021 00:00;2;8;AA-T05;Butter;Trading Goods;V04;Dairy Cooperative;59,88;EUR
.1~48;48;A9;01;08;01/08;08/01/2021 00:00;2;8;AA-T06;Ice Cream;Trading Goods;V04;Dairy Cooperative;43,15;EUR
.1~49;49;A9;01;09;01/09;09/01/2021 00:00;2;9;AA-T01;Milk;Trading Goods;V04;Dairy Cooperative;22,95;EUR
.1~50;50;A9;01;09;01/09;09/01/2021 00:00;2;9;AA-T02;Cream;Trading Goods;V04;Dairy Cooperative;72,07;EUR
.1~51;51;A9;01;09;01/09;09/01/2021 00:00;2;9;AA-T03;Yoghurt;Trading Goods;V04;Dairy Cooperative;25,85;EUR
.1~52;52;A9;01;09;01/09;09/01/2021 00:00;2;9;AA-T04;Cheese;Trading Goods;V04;Dairy Cooperative;82,68;EUR
.1~53;53;A9;01;09;01/09;09/01/2021 00:00;2;9;AA-T05;Butter;Trading Goods;V04;Dairy Cooperative;59,88;EUR
.1~54;54;A9;01;09;01/09;09/01/2021 00:00;2;9;AA-T06;Ice Cream;Trading Goods;V04;Dairy Cooperative;43,15;EUR
.1~55;55;A9;01;10;01/10;10/01/2021 00:00;2;10;AA-T01;Milk;Trading Goods;V04;Dairy Cooperative;22,95;EUR
.1~56;56;A9;01;10;01/10;10/01/2021 00:00;2;10;AA-T02;Cream;Trading Goods;V04;Dairy Cooperative;72,07;EUR
.1~57;57;A9;01;10;01/10;10/01/2021 00:00;2;10;AA-T03;Yoghurt;Trading Goods;V04;Dairy Cooperative;25,85;EUR
.1~58;58;A9;01;10;01/10;10/01/2021 00:00;2;10;AA-T04;Cheese;Trading Goods;V04;Dairy Cooperative;82,68;EUR
.1~59;59;A9;01;10;01/10;10/01/2021 00:00;2;10;AA-T05;Butter;Trading Goods;V04;Dairy Cooperative;59,88;EUR
.1~60;60;A9;01;10;01/10;10/01/2021 00:00;2;10;AA-T06;Ice Cream;Trading Goods;V04;Dairy Cooperative;43,15;EUR
.1~61;61;B9;01;01;01/01;01/01/2021 00:00;1;1;BB-T01;Milk;Trading Goods;V04;Dairy Cooperative;22,95;EUR
.1~62;62;B9;01;01;01/01;01/01/2021 00:00;1;1;BB-T02;Cream;Trading Goods;V04;Dairy Cooperative;72,07;EUR
.1~63;63;B9;01;01;01/01;01/01/2021 00:00;1;1;BB-T03;Yoghurt;Trading Goods;V04;Dairy Cooperative;25,85;EUR
.1~64;64;B9;01;01;01/01;01/01/2021 00:00;1;1;BB-T04;Cheese;Trading Goods;V04;Dairy Cooperative;82,68;EUR
.1~65;65;B9;01;01;01/01;01/01/2021 00:00;1;1;BB-T05;Butter;Trading Goods;V04;Dairy Cooperative;59,88;EUR
.1~66;66;B9;01;01;01/01;01/01/2021 00:00;1;1;BB-T06;Ice Cream;Trading Goods;V04;Dairy Cooperative;43,15;EUR
.1~67;67;B9;01;02;01/02;02/01/2021 00:00;1;2;BB-T01;Milk;Trading Goods;V04;Dairy Cooperative;22,95;EUR
.1~68;68;B9;01;02;01/02;02/01/2021 00:00;1;2;BB-T02;Cream;Trading Goods;V04;Dairy Cooperative;72,07;EUR
.1~69;69;B9;01;02;01/02;02/01/2021 00:00;1;2;BB-T03;Yoghurt;Trading Goods;V04;Dairy Cooperative;25,85;EUR
.1~70;70;B9;01;02;01/02;02/01/2021 00:00;1;2;BB-T04;Cheese;Trading Goods;V04;Dairy Cooperative;82,68;EUR
.1~71;71;B9;01;02;01/02;02/01/2021 00:00;1;2;BB-T05;Butter;Trading Goods;V04;Dairy Cooperative;59,88;EUR
.1~72;72;B9;01;02;01/02;02/01/2021 00:00;1;2;BB-T06;Ice Cream;Trading Goods;V04;Dairy Cooperative;43,15;EUR
.1~73;73;B9;01;03;01/03;03/01/2021 00:00;1;3;BB-T01;Milk;Trading Goods;V04;Dairy Cooperative;22,95;EUR
.1~74;74;B9;01;03;01/03;03/01/2021 00:00;1;3;BB-T02;Cream;Trading Goods;V04;Dairy Cooperative;72,07;EUR
.1~75;75;B9;01;03;01/03;03/01/2021 00:00;1;3;BB-T03;Yoghurt;Trading Goods;V04;Dairy Cooperative;25,85;EUR
.1~76;76;B9;01;03;01/03;03/01/2021 00:00;1;3;BB-T04;Cheese;Trading Goods;V04;Dairy Cooperative;82,68;EUR
.1~77;77;B9;01;03;01/03;03/01/2021 00:00;1;3;BB-T05;Butter;Trading Goods;V04;Dairy Cooperative;59,88;EUR
.1~78;78;B9;01;03;01/03;03/01/2021 00:00;1;3;BB-T06;Ice Cream;Trading Goods;V04;Dairy Cooperative;43,15;EUR
.1~79;79;B9;01;04;01/04;04/01/2021 00:00;1;4;BB-T01;Milk;Trading Goods;V04;Dairy Cooperative;22,95;EUR
.1~80;80;B9;01;04;01/04;04/01/2021 00:00;1;4;BB-T02;Cream;Trading Goods;V04;Dairy Cooperative;72,07;EUR
.1~81;81;B9;01;04;01/04;04/01/2021 00:00;1;4;BB-T03;Yoghurt;Trading Goods;V04;Dairy Cooperative;25,85;EUR
.1~82;82;B9;01;04;01/04;04/01/2021 00:00;1;4;BB-T04;Cheese;Trading Goods;V04;Dairy Cooperative;82,68;EUR
.1~83;83;B9;01;04;01/04;04/01/2021 00:00;1;4;BB-T05;Butter;Trading Goods;V04;Dairy Cooperative;59,88;EUR
.1~84;84;B9;01;04;01/04;04/01/2021 00:00;1;4;BB-T06;Ice Cream;Trading Goods;V04;Dairy Cooperative;43,15;EUR
.1~85;85;B9;01;05;01/05;05/01/2021 00:00;1;5;BB-T01;Milk;Trading Goods;V04;Dairy Cooperative;22,95;EUR
.1~86;86;B9;01;05;01/05;05/01/2021 00:00;1;5;BB-T02;Cream;Trading Goods;V04;Dairy Cooperative;72,07;EUR
.1~87;87;B9;01;05;01/05;05/01/2021 00:00;1;5;BB-T03;Yoghurt;Trading Goods;V04;Dairy Cooperative;25,85;EUR
.1~88;88;B9;01;05;01/05;05/01/2021 00:00;1;5;BB-T04;Cheese;Trading Goods;V04;Dairy Cooperative;82,68;EUR
.1~89;89;B9;01;05;01/05;05/01/2021 00:00;1;5;BB-T05;Butter;Trading Goods;V04;Dairy Cooperative;59,88;EUR
.1~90;90;B9;01;05;01/05;05/01/2021 00:00;1;5;BB-T06;Ice Cream;Trading Goods;V04;Dairy Cooperative;43,15;EUR
.1~91;91;B9;01;06;01/06;06/01/2021 00:00;2;6;BB-T01;Milk;Trading Goods;V04;Dairy Cooperative;22,95;EUR
.1~92;92;B9;01;06;01/06;06/01/2021 00:00;2;6;BB-T02;Cream;Trading Goods;V04;Dairy Cooperative;72,07;EUR
.1~93;93;B9;01;06;01/06;06/01/2021 00:00;2;6;BB-T03;Yoghurt;Trading Goods;V04;Dairy Cooperative;25,85;EUR
.1~94;94;B9;01;06;01/06;06/01/2021 00:00;2;6;BB-T04;Cheese;Trading Goods;V04;Dairy Cooperative;82,68;EUR
.1~95;95;B9;01;06;01/06;06/01/2021 00:00;2;6;BB-T05;Butter;Trading Goods;V04;Dairy Cooperative;59,88;EUR
.1~96;96;B9;01;06;01/06;06/01/2021 00:00;2;6;BB-T06;Ice Cream;Trading Goods;V04;Dairy Cooperative;43,15;EUR
.1~97;97;B9;01;07;01/07;07/01/2021 00:00;2;7;BB-T01;Milk;Trading Goods;V04;Dairy Cooperative;22,95;EUR
.1~98;98;B9;01;07;01/07;07/01/2021 00:00;2;7;BB-T02;Cream;Trading Goods;V04;Dairy Cooperative;72,07;EUR
.1~99;99;B9;01;07;01/07;07/01/2021 00:00;2;7;BB-T03;Yoghurt;Trading Goods;V04;Dairy Cooperative;25,85;EUR
.1~100;100;B9;01;07;01/07;07/01/2021 00:00;2;7;BB-T04;Cheese;Trading Goods;V04;Dairy Cooperative;82,68;EUR
.1~101;101;B9;01;07;01/07;07/01/2021 00:00;2;7;BB-T05;Butter;Trading Goods;V04;Dairy Cooperative;59,88;EUR
.1~102;102;B9;01;07;01/07;07/01/2021 00:00;2;7;BB-T06;Ice Cream;Trading Goods;V04;Dairy Cooperative;43,15;EUR
.1~103;103;B9;01;08;01/08;08/01/2021 00:00;2;8;BB-T01;Milk;Trading Goods;V04;Dairy Cooperative;22,95;EUR
.1~104;104;B9;01;08;01/08;08/01/2021 00:00;2;8;BB-T02;Cream;Trading Goods;V04;Dairy Cooperative;72,07;EUR
.1~105;105;B9;01;08;01/08;08/01/2021 00:00;2;8;BB-T03;Yoghurt;Trading Goods;V04;Dairy Cooperative;25,85;EUR
.1~106;106;B9;01;08;01/08;08/01/2021 00:00;2;8;BB-T04;Cheese;Trading Goods;V04;Dairy Cooperative;82,68;EUR
.1~107;107;B9;01;08;01/08;08/01/2021 00:00;2;8;BB-T05;Butter;Trading Goods;V04;Dairy Cooperative;59,88;EUR
.1~108;108;B9;01;08;01/08;08/01/2021 00:00;2;8;BB-T06;Ice Cream;Trading Goods;V04;Dairy Cooperative;43,15;EUR
.1~109;109;B9;01;09;01/09;09/01/2021 00:00;2;9;BB-T01;Milk;Trading Goods;V04;Dairy Cooperative;22,95;EUR
.1~110;110;B9;01;09;01/09;09/01/2021 00:00;2;9;BB-T02;Cream;Trading Goods;V04;Dairy Cooperative;72,07;EUR
.1~111;111;B9;01;09;01/09;09/01/2021 00:00;2;9;BB-T03;Yoghurt;Trading Goods;V04;Dairy Cooperative;25,85;EUR
.1~112;112;B9;01;09;01/09;09/01/2021 00:00;2;9;BB-T04;Cheese;Trading Goods;V04;Dairy Cooperative;82,68;EUR
.1~113;113;B9;01;09;01/09;09/01/2021 00:00;2;9;BB-T05;Butter;Trading Goods;V04;Dairy Cooperative;59,88;EUR
.1~114;114;B9;01;09;01/09;09/01/2021 00:00;2;9;BB-T06;Ice Cream;Trading Goods;V04;Dairy Cooperative;43,15;EUR
.1~115;115;B9;01;10;01/10;10/01/2021 00:00;2;10;BB-T01;Milk;Trading Goods;V04;Dairy Cooperative;22,95;EUR
.1~116;116;B9;01;10;01/10;10/01/2021 00:00;2;10;BB-T02;Cream;Trading Goods;V04;Dairy Cooperative;72,07;EUR
.1~117;117;B9;01;10;01/10;10/01/2021 00:00;2;10;BB-T03;Yoghurt;Trading Goods;V04;Dairy Cooperative;25,85;EUR
.1~118;118;B9;01;10;01/10;10/01/2021 00:00;2;10;BB-T04;Cheese;Trading Goods;V04;Dairy Cooperative;82,68;EUR
.1~119;119;B9;01;10;01/10;10/01/2021 00:00;2;10;BB-T05;Butter;Trading Goods;V04;Dairy Cooperative;59,88;EUR
.1~120;120;B9;01;10;01/10;10/01/2021 00:00;2;10;BB-T06;Ice Cream;Trading Goods;V04;Dairy Cooperative;43,15;EUR
.1~121;121;C9;01;01;01/01;01/01/2021 00:00;1;1;CC-T01;Milk;Trading Goods;V04;Dairy Cooperative;22,95;EUR
.1~122;122;C9;01;01;01/01;01/01/2021 00:00;1;1;CC-T02;Cream;Trading Goods;V04;Dairy Cooperative;72,07;EUR
.1~123;123;C9;01;01;01/01;01/01/2021 00:00;1;1;CC-T03;Yoghurt;Trading Goods;V04;Dairy Cooperative;25,85;EUR
.1~124;124;C9;01;01;01/01;01/01/2021 00:00;1;1;CC-T04;Cheese;Trading Goods;V04;Dairy Cooperative;82,68;EUR
.1~125;125;C9;01;01;01/01;01/01/2021 00:00;1;1;CC-T05;Butter;Trading Goods;V04;Dairy Cooperative;59,88;EUR
.1~126;126;C9;01;01;01/01;01/01/2021 00:00;1;1;CC-T06;Ice Cream;Trading Goods;V04;Dairy Cooperative;43,15;EUR
.1~127;127;C9;01;02;01/02;02/01/2021 00:00;1;2;CC-T01;Milk;Trading Goods;V04;Dairy Cooperative;22,95;EUR
.1~128;128;C9;01;02;01/02;02/01/2021 00:00;1;2;CC-T02;Cream;Trading Goods;V04;Dairy Cooperative;72,07;EUR
.1~129;129;C9;01;02;01/02;02/01/2021 00:00;1;2;CC-T03;Yoghurt;Trading Goods;V04;Dairy Cooperative;25,85;EUR
.1~130;130;C9;01;02;01/02;02/01/2021 00:00;1;2;CC-T04;Cheese;Trading Goods;V04;Dairy Cooperative;82,68;EUR
.1~131;131;C9;01;02;01/02;02/01/2021 00:00;1;2;CC-T05;Butter;Trading Goods;V04;Dairy Cooperative;59,88;EUR
.1~132;132;C9;01;02;01/02;02/01/2021 00:00;1;2;CC-T06;Ice Cream;Trading Goods;V04;Dairy Cooperative;43,15;EUR
.1~133;133;C9;01;03;01/03;03/01/2021 00:00;1;3;CC-T01;Milk;Trading Goods;V04;Dairy Cooperative;22,95;EUR
.1~134;134;C9;01;03;01/03;03/01/2021 00:00;1;3;CC-T02;Cream;Trading Goods;V04;Dairy Cooperative;72,07;EUR
.1~135;135;C9;01;03;01/03;03/01/2021 00:00;1;3;CC-T03;Yoghurt;Trading Goods;V04;Dairy Cooperative;25,85;EUR
.1~136;136;C9;01;03;01/03;03/01/2021 00:00;1;3;CC-T04;Cheese;Trading Goods;V04;Dairy Cooperative;82,68;EUR
.1~137;137;C9;01;03;01/03;03/01/2021 00:00;1;3;CC-T05;Butter;Trading Goods;V04;Dairy Cooperative;59,88;EUR
.1~138;138;C9;01;03;01/03;03/01/2021 00:00;1;3;CC-T06;Ice Cream;Trading Goods;V04;Dairy Cooperative;43,15;EUR
.1~139;139;C9;01;04;01/04;04/01/2021 00:00;1;4;CC-T01;Milk;Trading Goods;V04;Dairy Cooperative;22,95;EUR
.1~140;140;C9;01;04;01/04;04/01/2021 00:00;1;4;CC-T02;Cream;Trading Goods;V04;Dairy Cooperative;72,07;EUR
.1~141;141;C9;01;04;01/04;04/01/2021 00:00;1;4;CC-T03;Yoghurt;Trading Goods;V04;Dairy Cooperative;25,85;EUR
.1~142;142;C9;01;04;01/04;04/01/2021 00:00;1;4;CC-T04;Cheese;Trading Goods;V04;Dairy Cooperative;82,68;EUR
.1~143;143;C9;01;04;01/04;04/01/2021 00:00;1;4;CC-T05;Butter;Trading Goods;V04;Dairy Cooperative;59,88;EUR
.1~144;144;C9;01;04;01/04;04/01/2021 00:00;1;4;CC-T06;Ice Cream;Trading Goods;V04;Dairy Cooperative;43,15;EUR
.1~145;145;C9;01;05;01/05;05/01/2021 00:00;1;5;CC-T01;Milk;Trading Goods;V04;Dairy Cooperative;22,95;EUR
.1~146;146;C9;01;05;01/05;05/01/2021 00:00;1;5;CC-T02;Cream;Trading Goods;V04;Dairy Cooperative;72,07;EUR
.1~147;147;C9;01;05;01/05;05/01/2021 00:00;1;5;CC-T03;Yoghurt;Trading Goods;V04;Dairy Cooperative;25,85;EUR
.1~148;148;C9;01;05;01/05;05/01/2021 00:00;1;5;CC-T04;Cheese;Trading Goods;V04;Dairy Cooperative;82,68;EUR
.1~149;149;C9;01;05;01/05;05/01/2021 00:00;1;5;CC-T05;Butter;Trading Goods;V04;Dairy Cooperative;59,88;EUR
.1~150;150;C9;01;05;01/05;05/01/2021 00:00;1;5;CC-T06;Ice Cream;Trading Goods;V04;Dairy Cooperative;43,15;EUR
.1~151;151;C9;01;06;01/06;06/01/2021 00:00;2;6;CC-T01;Milk;Trading Goods;V04;Dairy Cooperative;22,95;EUR
.1~152;152;C9;01;06;01/06;06/01/2021 00:00;2;6;CC-T02;Cream;Trading Goods;V04;Dairy Cooperative;72,07;EUR
.1~153;153;C9;01;06;01/06;06/01/2021 00:00;2;6;CC-T03;Yoghurt;Trading Goods;V04;Dairy Cooperative;25,85;EUR
.1~154;154;C9;01;06;01/06;06/01/2021 00:00;2;6;CC-T04;Cheese;Trading Goods;V04;Dairy Cooperative;82,68;EUR
.1~155;155;C9;01;06;01/06;06/01/2021 00:00;2;6;CC-T05;Butter;Trading Goods;V04;Dairy Cooperative;59,88;EUR
.1~156;156;C9;01;06;01/06;06/01/2021 00:00;2;6;CC-T06;Ice Cream;Trading Goods;V04;Dairy Cooperative;43,15;EUR
.1~157;157;C9;01;07;01/07;07/01/2021 00:00;2;7;CC-T01;Milk;Trading Goods;V04;Dairy Cooperative;22,95;EUR
.1~158;158;C9;01;07;01/07;07/01/2021 00:00;2;7;CC-T02;Cream;Trading Goods;V04;Dairy Cooperative;72,07;EUR
.1~159;159;C9;01;07;01/07;07/01/2021 00:00;2;7;CC-T03;Yoghurt;Trading Goods;V04;Dairy Cooperative;25,85;EUR
.1~160;160;C9;01;07;01/07;07/01/2021 00:00;2;7;CC-T04;Cheese;Trading Goods;V04;Dairy Cooperative;82,68;EUR
.1~161;161;C9;01;07;01/07;07/01/2021 00:00;2;7;CC-T05;Butter;Trading Goods;V04;Dairy Cooperative;59,88;EUR
.1~162;162;C9;01;07;01/07;07/01/2021 00:00;2;7;CC-T06;Ice Cream;Trading Goods;V04;Dairy Cooperative;43,15;EUR
.1~163;163;C9;01;08;01/08;08/01/2021 00:00;2;8;CC-T01;Milk;Trading Goods;V04;Dairy Cooperative;22,95;EUR
.1~164;164;C9;01;08;01/08;08/01/2021 00:00;2;8;CC-T02;Cream;Trading Goods;V04;Dairy Cooperative;72,07;EUR
.1~165;165;C9;01;08;01/08;08/01/2021 00:00;2;8;CC-T03;Yoghurt;Trading Goods;V04;Dairy Cooperative;25,85;EUR
.1~166;166;C9;01;08;01/08;08/01/2021 00:00;2;8;CC-T04;Cheese;Trading Goods;V04;Dairy Cooperative;82,68;EUR
.1~167;167;C9;01;08;01/08;08/01/2021 00:00;2;8;CC-T05;Butter;Trading Goods;V04;Dairy Cooperative;59,88;EUR
.1~168;168;C9;01;08;01/08;08/01/2021 00:00;2;8;CC-T06;Ice Cream;Trading Goods;V04;Dairy Cooperative;43,15;EUR
.1~169;169;C9;01;09;01/09;09/01/2021 00:00;2;9;CC-T01;Milk;Trading Goods;V04;Dairy Cooperative;22,95;EUR
.1~170;170;C9;01;09;01/09;09/01/2021 00:00;2;9;CC-T02;Cream;Trading Goods;V04;Dairy Cooperative;72,07;EUR
.1~171;171;C9;01;09;01/09;09/01/2021 00:00;2;9;CC-T03;Yoghurt;Trading Goods;V04;Dairy Cooperative;25,85;EUR
.1~172;172;C9;01;09;01/09;09/01/2021 00:00;2;9;CC-T04;Cheese;Trading Goods;V04;Dairy Cooperative;82,68;EUR
.1~173;173;C9;01;09;01/09;09/01/2021 00:00;2;9;CC-T05;Butter;Trading Goods;V04;Dairy Cooperative;59,88;EUR
.1~174;174;C9;01;09;01/09;09/01/2021 00:00;2;9;CC-T06;Ice Cream;Trading Goods;V04;Dairy Cooperative;43,15;EUR
.1~175;175;C9;01;10;01/10;10/01/2021 00:00;2;10;CC-T01;Milk;Trading Goods;V04;Dairy Cooperative;22,95;EUR
.1~176;176;C9;01;10;01/10;10/01/2021 00:00;2;10;CC-T02;Cream;Trading Goods;V04;Dairy Cooperative;72,07;EUR
.1~177;177;C9;01;10;01/10;10/01/2021 00:00;2;10;CC-T03;Yoghurt;Trading Goods;V04;Dairy Cooperative;25,85;EUR
.1~178;178;C9;01;10;01/10;10/01/2021 00:00;2;10;CC-T04;Cheese;Trading Goods;V04;Dairy Cooperative;82,68;EUR
.1~179;179;C9;01;10;01/10;10/01/2021 00:00;2;10;CC-T05;Butter;Trading Goods;V04;Dairy Cooperative;59,88;EUR
.1~180;180;C9;01;10;01/10;10/01/2021 00:00;2;10;CC-T06;Ice Cream;Trading Goods;V04;Dairy Cooperative;43,15;EUR
.1~181;181;D9;01;01;01/01;01/01/2021 00:00;1;1;DD-T01;Milk;Trading Goods;V04;Dairy Cooperative;22,95;EUR
.1~182;182;D9;01;01;01/01;01/01/2021 00:00;1;1;DD-T02;Cream;Trading Goods;V04;Dairy Cooperative;72,07;EUR
.1~183;183;D9;01;01;01/01;01/01/2021 00:00;1;1;DD-T03;Yoghurt;Trading Goods;V04;Dairy Cooperative;25,85;EUR
.1~184;184;D9;01;01;01/01;01/01/2021 00:00;1;1;DD-T04;Cheese;Trading Goods;V04;Dairy Cooperative;82,68;EUR
.1~185;185;D9;01;01;01/01;01/01/2021 00:00;1;1;DD-T05;Butter;Trading Goods;V04;Dairy Cooperative;59,88;EUR
.1~186;186;D9;01;01;01/01;01/01/2021 00:00;1;1;DD-T06;Ice Cream;Trading Goods;V04;Dairy Cooperative;43,15;EUR
.1~187;187;D9;01;02;01/02;02/01/2021 00:00;1;2;DD-T01;Milk;Trading Goods;V04;Dairy Cooperative;22,95;EUR
.1~188;188;D9;01;02;01/02;02/01/2021 00:00;1;2;DD-T02;Cream;Trading Goods;V04;Dairy Cooperative;72,07;EUR
.1~189;189;D9;01;02;01/02;02/01/2021 00:00;1;2;DD-T03;Yoghurt;Trading Goods;V04;Dairy Cooperative;25,85;EUR
.1~190;190;D9;01;02;01/02;02/01/2021 00:00;1;2;DD-T04;Cheese;Trading Goods;V04;Dairy Cooperative;82,68;EUR
.1~191;191;D9;01;02;01/02;02/01/2021 00:00;1;2;DD-T05;Butter;Trading Goods;V04;Dairy Cooperative;59,88;EUR
.1~192;192;D9;01;02;01/02;02/01/2021 00:00;1;2;DD-T06;Ice Cream;Trading Goods;V04;Dairy Cooperative;43,15;EUR
.1~193;193;D9;01;03;01/03;03/01/2021 00:00;1;3;DD-T01;Milk;Trading Goods;V04;Dairy Cooperative;22,95;EUR
.1~194;194;D9;01;03;01/03;03/01/2021 00:00;1;3;DD-T02;Cream;Trading Goods;V04;Dairy Cooperative;72,07;EUR
.1~195;195;D9;01;03;01/03;03/01/2021 00:00;1;3;DD-T03;Yoghurt;Trading Goods;V04;Dairy Cooperative;25,85;EUR
.1~196;196;D9;01;03;01/03;03/01/2021 00:00;1;3;DD-T04;Cheese;Trading Goods;V04;Dairy Cooperative;82,68;EUR
.1~197;197;D9;01;03;01/03;03/01/2021 00:00;1;3;DD-T05;Butter;Trading Goods;V04;Dairy Cooperative;59,88;EUR
.1~198;198;D9;01;03;01/03;03/01/2021 00:00;1;3;DD-T06;Ice Cream;Trading Goods;V04;Dairy Cooperative;43,15;EUR
.1~199;199;D9;01;04;01/04;04/01/2021 00:00;1;4;DD-T01;Milk;Trading Goods;V04;Dairy Cooperative;22,95;EUR
.1~200;200;D9;01;04;01/04;04/01/2021 00:00;1;4;DD-T02;Cream;Trading Goods;V04;Dairy Cooperative;72,07;EUR
.1~201;201;D9;01;04;01/04;04/01/2021 00:00;1;4;DD-T03;Yoghurt;Trading Goods;V04;Dairy Cooperative;25,85;EUR
.1~202;202;D9;01;04;01/04;04/01/2021 00:00;1;4;DD-T04;Cheese;Trading Goods;V04;Dairy Cooperative;82,68;EUR
.1~203;203;D9;01;04;01/04;04/01/2021 00:00;1;4;DD-T05;Butter;Trading Goods;V04;Dairy Cooperative;59,88;EUR
.1~204;204;D9;01;04;01/04;04/01/2021 00:00;1;4;DD-T06;Ice Cream;Trading Goods;V04;Dairy Cooperative;43,15;EUR
.1~205;205;D9;01;05;01/05;05/01/2021 00:00;1;5;DD-T01;Milk;Trading Goods;V04;Dairy Cooperative;22,95;EUR
.1~206;206;D9;01;05;01/05;05/01/2021 00:00;1;5;DD-T02;Cream;Trading Goods;V04;Dairy Cooperative;72,07;EUR
.1~207;207;D9;01;05;01/05;05/01/2021 00:00;1;5;DD-T03;Yoghurt;Trading Goods;V04;Dairy Cooperative;25,85;EUR
.1~208;208;D9;01;05;01/05;05/01/2021 00:00;1;5;DD-T04;Cheese;Trading Goods;V04;Dairy Cooperative;82,68;EUR
.1~209;209;D9;01;05;01/05;05/01/2021 00:00;1;5;DD-T05;Butter;Trading Goods;V04;Dairy Cooperative;59,88;EUR
.1~210;210;D9;01;05;01/05;05/01/2021 00:00;1;5;DD-T06;Ice Cream;Trading Goods;V04;Dairy Cooperative;43,15;EUR
.1~211;211;D9;01;06;01/06;06/01/2021 00:00;2;6;DD-T01;Milk;Trading Goods;V04;Dairy Cooperative;22,95;EUR
.1~212;212;D9;01;06;01/06;06/01/2021 00:00;2;6;DD-T02;Cream;Trading Goods;V04;Dairy Cooperative;72,07;EUR
.1~213;213;D9;01;06;01/06;06/01/2021 00:00;2;6;DD-T03;Yoghurt;Trading Goods;V04;Dairy Cooperative;25,85;EUR
.1~214;214;D9;01;06;01/06;06/01/2021 00:00;2;6;DD-T04;Cheese;Trading Goods;V04;Dairy Cooperative;82,68;EUR
.1~215;215;D9;01;06;01/06;06/01/2021 00:00;2;6;DD-T05;Butter;Trading Goods;V04;Dairy Cooperative;59,88;EUR
.1~216;216;D9;01;06;01/06;06/01/2021 00:00;2;6;DD-T06;Ice Cream;Trading Goods;V04;Dairy Cooperative;43,15;EUR
.1~217;217;D9;01;07;01/07;07/01/2021 00:00;2;7;DD-T01;Milk;Trading Goods;V04;Dairy Cooperative;22,95;EUR
.1~218;218;D9;01;07;01/07;07/01/2021 00:00;2;7;DD-T02;Cream;Trading Goods;V04;Dairy Cooperative;72,07;EUR
.1~219;219;D9;01;07;01/07;07/01/2021 00:00;2;7;DD-T03;Yoghurt;Trading Goods;V04;Dairy Cooperative;25,85;EUR
.1~220;220;D9;01;07;01/07;07/01/2021 00:00;2;7;DD-T04;Cheese;Trading Goods;V04;Dairy Cooperative;82,68;EUR
.1~221;221;D9;01;07;01/07;07/01/2021 00:00;2;7;DD-T05;Butter;Trading Goods;V04;Dairy Cooperative;59,88;EUR
.1~222;222;D9;01;07;01/07;07/01/2021 00:00;2;7;DD-T06;Ice Cream;Trading Goods;V04;Dairy Cooperative;43,15;EUR
.1~223;223;D9;01;08;01/08;08/01/2021 00:00;2;8;DD-T01;Milk;Trading Goods;V04;Dairy Cooperative;22,95;EUR
.1~224;224;D9;01;08;01/08;08/01/2021 00:00;2;8;DD-T02;Cream;Trading Goods;V04;Dairy Cooperative;72,07;EUR
.1~225;225;D9;01;08;01/08;08/01/2021 00:00;2;8;DD-T03;Yoghurt;Trading Goods;V04;Dairy Cooperative;25,85;EUR
.1~226;226;D9;01;08;01/08;08/01/2021 00:00;2;8;DD-T04;Cheese;Trading Goods;V04;Dairy Cooperative;82,68;EUR
.1~227;227;D9;01;08;01/08;08/01/2021 00:00;2;8;DD-T05;Butter;Trading Goods;V04;Dairy Cooperative;59,88;EUR
.1~228;228;D9;01;08;01/08;08/01/2021 00:00;2;8;DD-T06;Ice Cream;Trading Goods;V04;Dairy Cooperative;43,15;EUR
.1~229;229;D9;01;09;01/09;09/01/2021 00:00;2;9;DD-T01;Milk;Trading Goods;V04;Dairy Cooperative;22,95;EUR
.1~230;230;D9;01;09;01/09;09/01/2021 00:00;2;9;DD-T02;Cream;Trading Goods;V04;Dairy Cooperative;72,07;EUR
.1~231;231;D9;01;09;01/09;09/01/2021 00:00;2;9;DD-T03;Yoghurt;Trading Goods;V04;Dairy Cooperative;25,85;EUR
.1~232;232;D9;01;09;01/09;09/01/2021 00:00;2;9;DD-T04;Cheese;Trading Goods;V04;Dairy Cooperative;82,68;EUR
.1~233;233;D9;01;09;01/09;09/01/2021 00:00;2;9;DD-T05;Butter;Trading Goods;V04;Dairy Cooperative;59,88;EUR
.1~234;234;D9;01;09;01/09;09/01/2021 00:00;2;9;DD-T06;Ice Cream;Trading Goods;V04;Dairy Cooperative;43,15;EUR
.1~235;235;D9;01;10;01/10;10/01/2021 00:00;2;10;DD-T01;Milk;Trading Goods;V04;Dairy Cooperative;22,95;EUR
.1~236;236;D9;01;10;01/10;10/01/2021 00:00;2;10;DD-T02;Cream;Trading Goods;V04;Dairy Cooperative;72,07;EUR
.1~237;237;D9;01;10;01/10;10/01/2021 00:00;2;10;DD-T03;Yoghurt;Trading Goods;V04;Dairy Cooperative;25,85;EUR
.1~238;238;D9;01;10;01/10;10/01/2021 00:00;2;10;DD-T04;Cheese;Trading Goods;V04;Dairy Cooperative;82,68;EUR
.1~239;239;D9;01;10;01/10;10/01/2021 00:00;2;10;DD-T05;Butter;Trading Goods;V04;Dairy Cooperative;59,88;EUR
.1~240;240;D9;01;10;01/10;10/01/2021 00:00;2;10;DD-T06;Ice Cream;Trading Goods;V04;Dairy Cooperative;43,15;EUR
.1~241;241;E9;01;01;01/01;01/01/2021 00:00;1;1;EE-T01;Milk;Trading Goods;V04;Dairy Cooperative;22,95;EUR
.1~242;242;E9;01;01;01/01;01/01/2021 00:00;1;1;EE-T02;Cream;Trading Goods;V04;Dairy Cooperative;72,07;EUR
.1~243;243;E9;01;01;01/01;01/01/2021 00:00;1;1;EE-T03;Yoghurt;Trading Goods;V04;Dairy Cooperative;25,85;EUR
.1~244;244;E9;01;01;01/01;01/01/2021 00:00;1;1;EE-T04;Cheese;Trading Goods;V04;Dairy Cooperative;82,68;EUR
.1~245;245;E9;01;01;01/01;01/01/2021 00:00;1;1;EE-T05;Butter;Trading Goods;V04;Dairy Cooperative;59,88;EUR
.1~246;246;E9;01;01;01/01;01/01/2021 00:00;1;1;EE-T06;Ice Cream;Trading Goods;V04;Dairy Cooperative;43,15;EUR
.1~247;247;E9;01;02;01/02;02/01/2021 00:00;1;2;EE-T01;Milk;Trading Goods;V04;Dairy Cooperative;22,95;EUR
.1~248;248;E9;01;02;01/02;02/01/2021 00:00;1;2;EE-T02;Cream;Trading Goods;V04;Dairy Cooperative;72,07;EUR
.1~249;249;E9;01;02;01/02;02/01/2021 00:00;1;2;EE-T03;Yoghurt;Trading Goods;V04;Dairy Cooperative;25,85;EUR
.1~250;250;E9;01;02;01/02;02/01/2021 00:00;1;2;EE-T04;Cheese;Trading Goods;V04;Dairy Cooperative;82,68;EUR
.1~251;251;E9;01;02;01/02;02/01/2021 00:00;1;2;EE-T05;Butter;Trading Goods;V04;Dairy Cooperative;59,88;EUR
.1~252;252;E9;01;02;01/02;02/01/2021 00:00;1;2;EE-T06;Ice Cream;Trading Goods;V04;Dairy Cooperative;43,15;EUR
.1~253;253;E9;01;03;01/03;03/01/2021 00:00;1;3;EE-T01;Milk;Trading Goods;V04;Dairy Cooperative;22,95;EUR
.1~254;254;E9;01;03;01/03;03/01/2021 00:00;1;3;EE-T02;Cream;Trading Goods;V04;Dairy Cooperative;72,07;EUR
.1~255;255;E9;01;03;01/03;03/01/2021 00:00;1;3;EE-T03;Yoghurt;Trading Goods;V04;Dairy Cooperative;25,85;EUR
.1~256;256;E9;01;03;01/03;03/01/2021 00:00;1;3;EE-T04;Cheese;Trading Goods;V04;Dairy Cooperative;82,68;EUR
.1~257;257;E9;01;03;01/03;03/01/2021 00:00;1;3;EE-T05;Butter;Trading Goods;V04;Dairy Cooperative;59,88;EUR
.1~258;258;E9;01;03;01/03;03/01/2021 00:00;1;3;EE-T06;Ice Cream;Trading Goods;V04;Dairy Cooperative;43,15;EUR
.1~259;259;E9;01;04;01/04;04/01/2021 00:00;1;4;EE-T01;Milk;Trading Goods;V04;Dairy Cooperative;22,95;EUR
.1~260;260;E9;01;04;01/04;04/01/2021 00:00;1;4;EE-T02;Cream;Trading Goods;V04;Dairy Cooperative;72,07;EUR
.1~261;261;E9;01;04;01/04;04/01/2021 00:00;1;4;EE-T03;Yoghurt;Trading Goods;V04;Dairy Cooperative;25,85;EUR
.1~262;262;E9;01;04;01/04;04/01/2021 00:00;1;4;EE-T04;Cheese;Trading Goods;V04;Dairy Cooperative;82,68;EUR
.1~263;263;E9;01;04;01/04;04/01/2021 00:00;1;4;EE-T05;Butter;Trading Goods;V04;Dairy Cooperative;59,88;EUR
.1~264;264;E9;01;04;01/04;04/01/2021 00:00;1;4;EE-T06;Ice Cream;Trading Goods;V04;Dairy Cooperative;43,15;EUR
.1~265;265;E9;01;05;01/05;05/01/2021 00:00;1;5;EE-T01;Milk;Trading Goods;V04;Dairy Cooperative;22,95;EUR
.1~266;266;E9;01;05;01/05;05/01/2021 00:00;1;5;EE-T02;Cream;Trading Goods;V04;Dairy Cooperative;72,07;EUR
.1~267;267;E9;01;05;01/05;05/01/2021 00:00;1;5;EE-T03;Yoghurt;Trading Goods;V04;Dairy Cooperative;25,85;EUR
.1~268;268;E9;01;05;01/05;05/01/2021 00:00;1;5;EE-T04;Cheese;Trading Goods;V04;Dairy Cooperative;82,68;EUR
.1~269;269;E9;01;05;01/05;05/01/2021 00:00;1;5;EE-T05;Butter;Trading Goods;V04;Dairy Cooperative;59,88;EUR
.1~270;270;E9;01;05;01/05;05/01/2021 00:00;1;5;EE-T06;Ice Cream;Trading Goods;V04;Dairy Cooperative;43,15;EUR
.1~271;271;E9;01;06;01/06;06/01/2021 00:00;2;6;EE-T01;Milk;Trading Goods;V04;Dairy Cooperative;22,95;EUR
.1~272;272;E9;01;06;01/06;06/01/2021 00:00;2;6;EE-T02;Cream;Trading Goods;V04;Dairy Cooperative;72,07;EUR
.1~273;273;E9;01;06;01/06;06/01/2021 00:00;2;6;EE-T03;Yoghurt;Trading Goods;V04;Dairy Cooperative;25,85;EUR
.1~274;274;E9;01;06;01/06;06/01/2021 00:00;2;6;EE-T04;Cheese;Trading Goods;V04;Dairy Cooperative;82,68;EUR
.1~275;275;E9;01;06;01/06;06/01/2021 00:00;2;6;EE-T05;Butter;Trading Goods;V04;Dairy Cooperative;59,88;EUR
.1~276;276;E9;01;06;01/06;06/01/2021 00:00;2;6;EE-T06;Ice Cream;Trading Goods;V04;Dairy Cooperative;43,15;EUR
.1~277;277;E9;01;07;01/07;07/01/2021 00:00;2;7;EE-T01;Milk;Trading Goods;V04;Dairy Cooperative;22,95;EUR
.1~278;278;E9;01;07;01/07;07/01/2021 00:00;2;7;EE-T02;Cream;Trading Goods;V04;Dairy Cooperative;72,07;EUR
.1~279;279;E9;01;07;01/07;07/01/2021 00:00;2;7;EE-T03;Yoghurt;Trading Goods;V04;Dairy Cooperative;25,85;EUR
.1~280;280;E9;01;07;01/07;07/01/2021 00:00;2;7;EE-T04;Cheese;Trading Goods;V04;Dairy Cooperative;82,68;EUR
.1~281;281;E9;01;07;01/07;07/01/2021 00:00;2;7;EE-T05;Butter;Trading Goods;V04;Dairy Cooperative;59,88;EUR
.1~282;282;E9;01;07;01/07;07/01/2021 00:00;2;7;EE-T06;Ice Cream;Trading Goods;V04;Dairy Cooperative;43,15;EUR
.1~283;283;E9;01;08;01/08;08/01/2021 00:00;2;8;EE-T01;Milk;Trading Goods;V04;Dairy Cooperative;22,95;EUR
.1~284;284;E9;01;08;01/08;08/01/2021 00:00;2;8;EE-T02;Cream;Trading Goods;V04;Dairy Cooperative;72,07;EUR
.1~285;285;E9;01;08;01/08;08/01/2021 00:00;2;8;EE-T03;Yoghurt;Trading Goods;V04;Dairy Cooperative;25,85;EUR
.1~286;286;E9;01;08;01/08;08/01/2021 00:00;2;8;EE-T04;Cheese;Trading Goods;V04;Dairy Cooperative;82,68;EUR
.1~287;287;E9;01;08;01/08;08/01/2021 00:00;2;8;EE-T05;Butter;Trading Goods;V04;Dairy Cooperative;59,88;EUR
.1~288;288;E9;01;08;01/08;08/01/2021 00:00;2;8;EE-T06;Ice Cream;Trading Goods;V04;Dairy Cooperative;43,15;EUR
.1~289;289;E9;01;09;01/09;09/01/2021 00:00;2;9;EE-T01;Milk;Trading Goods;V04;Dairy Cooperative;22,95;EUR
.1~290;290;E9;01;09;01/09;09/01/2021 00:00;2;9;EE-T02;Cream;Trading Goods;V04;Dairy Cooperative;72,07;EUR
.1~291;291;E9;01;09;01/09;09/01/2021 00:00;2;9;EE-T03;Yoghurt;Trading Goods;V04;Dairy Cooperative;25,85;EUR
.1~292;292;E9;01;09;01/09;09/01/2021 00:00;2;9;EE-T04;Cheese;Trading Goods;V04;Dairy Cooperative;82,68;EUR
.1~293;293;E9;01;09;01/09;09/01/2021 00:00;2;9;EE-T05;Butter;Trading Goods;V04;Dairy Cooperative;59,88;EUR
.1~294;294;E9;01;09;01/09;09/01/2021 00:00;2;9;EE-T06;Ice Cream;Trading Goods;V04;Dairy Cooperative;43,15;EUR
.1~295;295;E9;01;10;01/10;10/01/2021 00:00;2;10;EE-T01;Milk;Trading Goods;V04;Dairy Cooperative;22,95;EUR
.1~296;296;E9;01;10;01/10;10/01/2021 00:00;2;10;EE-T02;Cream;Trading Goods;V04;Dairy Cooperative;72,07;EUR
.1~297;297;E9;01;10;01/10;10/01/2021 00:00;2;10;EE-T03;Yoghurt;Trading Goods;V04;Dairy Cooperative;25,85;EUR
.1~298;298;E9;01;10;01/10;10/01/2021 00:00;2;10;EE-T04;Cheese;Trading Goods;V04;Dairy Cooperative;82,68;EUR
.1~299;299;E9;01;10;01/10;10/01/2021 00:00;2;10;EE-T05;Butter;Trading Goods;V04;Dairy Cooperative;59,88;EUR
.1~300;300;E9;01;10;01/10;10/01/2021 00:00;2;10;EE-T06;Ice Cream;Trading Goods;V04;Dairy Cooperative;43,15;EUR
